Key,Unique Custodians,Match
1,ABN AMRO BANK,ABN AMRO Bank
2,ABN AMRO CLEARING CHICAGO LLC,ABN AMRO Bank
3,ADVANTAGE FUTURES LLC,Advantage Futures
4,"ALBERT FRIED & COMPANY, LLC",Albert Fried & Company
5,ALIANZA FIDUCIARIA,Alianza Fiduciaria
6,ALTREE CUSTODY SERVICE LTD,Altree Custody Services
7,ALTREE CUSTODY SERVICES LTD,Altree Custody Services
8,ALTREE CUSTODY SERVICES LTD.,Altree Custody Services
9,"AMERICAN STOCK TRANSFER & TRUST CO., LLC",American Stock Transfer & Trust Company
10,"AMERICAN STOCK TRANSFER & TRUST COMPANY, LLC",American Stock Transfer & Trust Company
11,ANALYTICA,Analytica
12,APEX FUND SERVICES (MAURITIUS) LIMITED,Apex Fund Services
13,AUERBACH GRAYSON & COMPANY LLC,Auerbach Grayson and Company
14,AUSTRALIA AND NEW ZEALAND BANKING GROUP LIMITED,Australia and New Zealand Banking Group
15,BANCO BM&FBOVESPA,BM&FBOVESPA
16,BANCO BRADESCO S.A.,Banco Bradesco
17,BANCO BTG PACTUAL S.A.,BTG Pactual
18,BANCO DE CHILE,Banco de Chile
19,BANCO ITAU S.A.,Banco Itau
20,BANCO ITAU S/A,Banco Itau
21,BANCO PAULISTA S.A.,Banco Paulista
22,BANCO SANTANDER,Banco Santander
23,"BANCO SANTANDER (M€XICO), S.A.",Banco Santander
24,BANCO SANTANDER (SUISSE) S.A.,Banco Santander
25,"BANCO SANTANDER (SUISSE), S.A.",Banco Santander
26,BANK OF AMERICA,Bank of America Merrill Lynch
27,BANK OF AMERICA CORP,Bank of America Merrill Lynch
28,BANK OF AMERICA CORPORATION,Bank of America Merrill Lynch
29,BANK OF AMERICA CUSTODIAL SERVICES (IRELAND) LIMITED,Bank of America Merrill Lynch
30,BANK OF AMERICA MERRILL LYNCH,Bank of America Merrill Lynch
31,BANK OF AMERICA MERRILL LYNCH INTERNATIONAL LIMITED,Bank of America Merrill Lynch
32,BANK OF AMERICA MERRILL LYNCH INTERNATIONAL LTD,Bank of America Merrill Lynch
33,BANK OF AMERICA N.A.,Bank of America Merrill Lynch
34,BANK OF AMERICA NA,Bank of America Merrill Lynch
35,BANK OF AMERICA NT & SA,Bank of America Merrill Lynch
36,BANK OF AMERICA SECURITIES LLC,Bank of America Merrill Lynch
37,"BANK OF AMERICA, N.A.",Bank of America Merrill Lynch
38,"BANK OF AMERICA, NA",Bank of America Merrill Lynch
39,"BANK OF AMERICA, NATIONAL ASSOCIATION",Bank of America Merrill Lynch
40,"BANK OF AMERICA, NATIONAL ASSOCIATION AKA BANK OF AMERICA, N.A.",Bank of America Merrill Lynch
41,"BANK OF AMERICA, NATIONAL ASSOCIATION AKA BANK OF AMERICA, NA",Bank of America Merrill Lynch
42,"MERRILL LYNCH, PIERCE, FENNER & SMITH INCORPORATED",Bank of America Merrill Lynch
43,BANK OF IRELAND,Bank of Ireland
44,"BANK OF JORDAN, PLC",Bank of Jordan
45,BANK OF NEW YORK,BNY Mellon
46,BANK OF NEW YORK MELLON,BNY Mellon
47,BANK OF NEW YORK MELLON (DOMESTIC),BNY Mellon
48,BANK OF NEW YORK MELLON CORPORATION,BNY Mellon
49,BANK OF NEW YORK MELLON SA/NV,BNY Mellon
50,BANK OF NEW YORK MELLON TRUST COMPANY,BNY Mellon
51,"BANK OF NEW YORK MELLON, N.A.",BNY Mellon
52,"BANK OF NEW YORK MELLON, THROUGH ITS AGENT AND SUBSIDIARY CHARLES FREDERIC & CO.",BNY Mellon
53,BANK OF VALLETTA,Bank of Valletta
54,BARCLAYS BANK MAURITIUS LIMITED,Barclays
55,BARCLAYS BANK PLC,Barclays
56,BARCLAYS BANK PLC - LONDON BRANCH,Barclays
57,BARCLAYS BANK PLC - NEW YORK BRANCH,Barclays
58,"BARCLAYS BANK PLC, NEW YORK",Barclays
59,"BARCLAYS BANK PLC, NEW YORK BRANCH",Barclays
60,"BARCLAYS BANK PLC, NY",Barclays
61,"BARCLAYS BANK, PLC",Barclays
62,BARCLAYS CAPITAL,Barclays
63,BARCLAYS CAPITAL INC.,Barclays
64,BARCLAYS CAPITAL SECURITIES LIMITED,Barclays
65,BARCLAYS CAPITAL SECURITIES LTD.,Barclays
66,BB&T,BB&T
67,"BB&T SECURITIES, LLC",BB&T
68,BBVA BANCOMER S.A.,BBVA Bancomer
69,BDSEC,BDSec
70,BDSEC JSC.,BDSec
71,BGL BNP PARIBAS SOCI€T€ ANONYME,BNP Paribas
72,"BLACKROCK ADVISORS, LLC",BlackRock Advisors
73,"BLACKROCK INVESTMENTS, LLC",BlackRock Advisors
74,"BMA SECURITIES, LLC",BMA Securities
75,BMO HARRIS,BMO Harris Bank
76,BMO HARRIS BANK,BMO Harris Bank
77,BMO HARRIS BANK N. A.,BMO Harris Bank
78,BMO HARRIS BANK N.A,BMO Harris Bank
79,BMO HARRIS BANK N.A.,BMO Harris Bank
80,BMO HARRIS BANK NA,BMO Harris Bank
81,BMO HARRIS BANK NA.,BMO Harris Bank
82,"BMO HARRIS BANK, N.A",BMO Harris Bank
83,"BMO HARRIS BANK, N.A.",BMO Harris Bank
84,"BMO HARRIS BANK, NA",BMO Harris Bank
85,"BMO HARRIS FINANCIAL ADVISORS, INC.",BMO Harris Bank
86,"BMO HARRIS, N.A.",BMO Harris Bank
87,BMO NESBITT BURNS,BMO Nesbitt Burns
88,BMO NESBITT BURNS INC.,BMO Nesbitt Burns
89,BNP PARIBAS,BNP Paribas
90,BNP PARIBAS - LONDON BRANCH,BNP Paribas
91,BNP PARIBAS ACTING THROUGH ITS NEW YORK BRANCH,BNP Paribas
92,BNP PARIBAS BANK & TRUST CAYMAN LIMITED,BNP Paribas
93,"BNP PARIBAS ESPA‹A, S.A.",BNP Paribas
94,BNP PARIBAS LONDON BRANCH,BNP Paribas
95,BNP PARIBAS PRIME BROKERAGE INC,BNP Paribas
96,"BNP PARIBAS PRIME BROKERAGE INTERNATIONAL, LTD",BNP Paribas
97,"BNP PARIBAS PRIME BROKERAGE, INC.",BNP Paribas
98,BNP PARIBAS SA LONDON BRANCH,BNP Paribas
99,BNP PARIBAS SALONDON BRANCH,BNP Paribas
100,BNP PARIBAS SECURITIES CORP.,BNP Paribas
101,BNP PARIBAS SECURITIES SERVICES DUBLIN BRANCH,BNP Paribas
102,BNP PARIBAS SECURITIES SERVICES IRELAND LIMITED,BNP Paribas
103,BNP PARIBAS USA,BNP Paribas
104,"BNP PARIBAS, NEW YORK BRANCH",BNP Paribas
105,BNY MELLON,BNY Mellon
106,BNY MELLON ALTERNATIVE INVESTMENT SERVICES,BNY Mellon
107,BNY MELLON ASSET SERVICING,BNY Mellon
108,BNY MELLON CAPITAL MARKETS LLC,BNY Mellon
109,"BNY MELLON CAPITAL MARKETS, LLC",BNY Mellon
110,BNY MELLON INVESTMENT SERVICING (US) INC.,BNY Mellon
111,BNY MELLON NA,BNY Mellon
112,BNY MELLON TRUST & DEPOSITARY (UK) LIMITED,BNY Mellon
113,BNY MELLON TRUST COMPANY (IRELAND) LIMITED,BNY Mellon
114,"BNY MELLON, NA",BNY Mellon
115,"BOSTON FINANCIAL DATA SERVICES, INC.",Boston Financial Data Services
116,BOSTON PRIVATE,Boston Private Bank & Trust Company
117,BOSTON PRIVATE BANK & TRUST,Boston Private Bank & Trust Company
118,BOURSE SECURITIES LIMITED,Bourse Securities
119,"BRINK'S GLOBAL SERVICES INTERNATIONAL, INC.",Brink's Global Services International
120,BROWN BROTHERS HARRIMAN,Brown Brothers Harriman
121,BROWN BROTHERS HARRIMAN & CO.,Brown Brothers Harriman
122,BROWN BROTHER'S HARRIMAN & CO.,Brown Brothers Harriman
123,"BROWN BROTHERS HARRIMAN TRUST COMPANY, NA",Brown Brothers Harriman
124,BROWN BROTHERS HARRIMAN TRUSTEE SERVICES (IRELAND) LIMITED,Brown Brothers Harriman
125,BROWN BROTHERS HARRIMANN & CO.,Brown Brothers Harriman
126,BSP CAPITAL LIMITED,BSP Capital
127,"BTG PACTUAL US CAPITAL, LLC",BTG Pactual
128,"BTIG, LLC",BTIG
129,BULL & BEAR,Bull & Bear
130,BULL AND BEAR AD PODGORICA,Bull & Bear
131,BUTTERFIELD BANK (CAYMAN) LTD,Butterfield
132,BUTTERFIELD TRUST (BERMUDA) LIMITED,Butterfield
133,CACEIS BANK LUXEMBOURG,CACEIS Bank
134,CACEIS BANK LUXEMBOURG - DUBLIN BRANCH,CACEIS Bank
135,CALIFORNIA BANK & TRUST,California Bank & Trust
136,CANACCORD GENUITY INC.,Canaccord Capital Corporation
137,CANADIA BANK,Canadia Bank
138,CANTOR PRIME SERVICES,Cantor Prime Services
139,"CAPITAL MARKETS BROKERS, LTD",Capital Market Brokers
140,CAPITAL ONE BANK,Capital One Bank
141,CAPITAL ONE BANK WEALTH AND ASSET MANAGEMENT,Capital One Bank
142,"CAPITAL ONE, N.A.",Capital One Bank
143,"CAPITAL ONE, NA",Capital One Bank
144,CENTRAL DEPOSITORY AGENCY AD PODGORICA,Central Depository Agency of Podgorica
145,CENTRAL DEPOSITORY OF TRINIDAD & TOBAGO LTD,Trinidad and Tobago Central Depository
146,CENTRAL SECURITIES CLEARING SYSTEM PLC,Central Securities Clearing System
147,CENTRAL SECURITIES DEPOSITORY LTD,Central Securities Depository (GH)
148,"CEROS FINANCIAL SERVICES, INC.",Ceros Financial Services
149,CHARLES SCHWAB,Charles Schwab & Co.
150,CHARLES SCHWAB & CO.,Charles Schwab & Co.
151,"CHARLES SCHWAB & CO., INC.",Charles Schwab & Co.
152,CHINA MERCHANTS SECURITIES CO. LTD.,China Merchants Securities
153,CIBC,CIBC Bank and Trust
154,CIBC MELLON,CIBC Mellon Global Securities Services
155,CITCO BANK (CANADA),Citco Global Custody
156,CITCO BANK AND TRUST (BAHAMAS) LIMITED,Citco Global Custody
157,CITCO BANK AND TRUST COMPANY (BAHAMAS) LIMITED,Citco Global Custody
158,CITCO BANK AND TRUST COMPANY LIMITED,Citco Global Custody
159,CITCO BANK CANADA,Citco Global Custody
160,"CITCO BANK CANADA, INC",Citco Global Custody
161,CITCO BANK NEDERLAND N.V.,Citco Global Custody
162,CITCO BANK NEDERLAND N.V. LUXEMBOURG BRANCH,Citco Global Custody
163,CITCO BANK NEDERLAND VC,Citco Global Custody
164,CITCO BANK OF CANADA,Citco Global Custody
165,CITCO BANK TORONTO,Citco Global Custody
166,CITCO BANKING CORPORATION (CURACAO),Citco Global Custody
167,CITCO BANKING CORPORATION N.V.,Citco Global Custody
168,CITCO BANKING CORPORATION N.V. (CURACAO),Citco Global Custody
169,CITCO BANKING CORPORATION NV,Citco Global Custody
170,"CITCO BANKING CORPORATION, NA, NV",Citco Global Custody
171,CITCO CUSTODY LIMITED,Citco Global Custody
172,CITCO FUND BANK NEDERLAND,Citco Global Custody
173,CITCO FUND SERVICES (MALTA) LIMITED,Citco Global Custody
174,CITCO GLOBAL CUSTODY (N.A.) N.V.,Citco Global Custody
175,CITCO GLOBAL CUSTODY NV NA,Citco Global Custody
176,CITCO SECURITIES INC.,Citco Global Custody
177,CITI PRIME FINANCE,Citi Transaction Services
178,CITI PRIVATE BANK,Citi Transaction Services
179,CITIBANK,Citi Transaction Services
180,CITIBANK CBO SERVICES,Citi Transaction Services
181,CITIBANK HONG KONG,Citi Transaction Services
182,CITIBANK LUXEMBOURG,Citi Transaction Services
183,CITIBANK N.A.,Citi Transaction Services
184,CITIBANK N.A. HONG KONG,Citi Transaction Services
185,"CITIBANK N.A., SINGAPORE BRANCH",Citi Transaction Services
186,CITIBANK NA,Citi Transaction Services
187,CITIBANK NA MUMBAI,Citi Transaction Services
188,"CITIBANK NA, NEW YORK BRANCH",Citi Transaction Services
189,CITIBANK PRIVATE BANK,Citi Transaction Services
190,"CITIBANK, A.S.",Citi Transaction Services
191,"CITIBANK, N.A.",Citi Transaction Services
192,"CITIBANK, NA",Citi Transaction Services
193,CITIGROUP GLOBAL CAPITAL MARKETS LIMITED,Citi Transaction Services
194,CITIGROUP GLOBAL MARKETS INC.,Citi Transaction Services
195,CITIGROUP GLOBAL MARKETS LIMITED,Citi Transaction Services
196,CITIGROUP GLOBAL MARKETS LTD.,Citi Transaction Services
197,"CITIGROUP GLOBAL MARKETS, INC.",Citi Transaction Services
198,"CITIGROUP GLOBAL MARKETS, LTD.",Citi Transaction Services
199,CITIGROUP INC.,Citi Transaction Services
200,CITIGROUP SECURITIES SERVICES INC.,Citi Transaction Services
201,"CITIGROUP, INC.",Citi Transaction Services
202,CITIZENS BANK N.A.,Citizens Bank
203,"CITIZENS BANK, N.A.",Citizens Bank
204,CITY NATIONAL BANK,City National Bank
205,CITY NATIONAL CORPORATION,City National Bank
206,CLSA,CLSA
207,COLORADO STATE BANK & TRUST,Colorado State Bank and Trust
208,COLORADO STATE BANK AND TRUST,Colorado State Bank and Trust
209,COMPUTERSHARE,Computershare
210,COMPUTERSHARE LIMITED,Computershare
211,COMPUTERSHARE SECURITIES CORPORATION,Computershare
212,COMPUTERSHARE TRUST COMPANY N.A.,Computershare
213,"COMPUTERSHARE TRUST COMPANY, N.A.",Computershare
214,"COMPUTERSHARE TRUST COMPANY, NA",Computershare
215,CONTINENTAL STOCK TRANSFER,Continental Stock Transfer & Trust Company
216,CONTINENTAL STOCK TRANSFER & TRUST COMPANY,Continental Stock Transfer & Trust Company
217,CREDIT AGRICOLE CORPORATE & INVESTMENT BANK,Credit Agricole Corporate and Investment Bank
218,CREDIT AGRICOLE CORPORATE AND INVESTMENT BANK,Credit Agricole Corporate and Investment Bank
219,CREDIT SUISSE,Credit Suisse Prime Fund Services
220,CREDIT SUISSE AG,Credit Suisse Prime Fund Services
221,"CREDIT SUISSE AG, DUBLIN BRANCH",Credit Suisse Prime Fund Services
222,"CREDIT SUISSE AG, LONDON BRANCH",Credit Suisse Prime Fund Services
223,CREDIT SUISSE CAPITAL LLC,Credit Suisse Prime Fund Services
224,CREDIT SUISSE EUROPE LTD.,Credit Suisse Prime Fund Services
225,CREDIT SUISSE GROUP AG,Credit Suisse Prime Fund Services
226,CREDIT SUISSE HEDGING-GRIFFO CORRETORA DE VALORES S.A.,Credit Suisse Prime Fund Services
227,CREDIT SUISSE INTERNATIONAL,Credit Suisse Prime Fund Services
228,CREDIT SUISSE PRIME SECURITIES SERVICES (USA) LLC,Credit Suisse Prime Fund Services
229,CREDIT SUISSE SECURITIES (EUROPE),Credit Suisse Prime Fund Services
230,CREDIT SUISSE SECURITIES (EUROPE) LIMITED,Credit Suisse Prime Fund Services
231,CREDIT SUISSE SECURITIES (EUROPE) LTD,Credit Suisse Prime Fund Services
232,CREDIT SUISSE SECURITIES (EUROPE) LTD.,Credit Suisse Prime Fund Services
233,CREDIT SUISSE SECURITIES (USA) LLC,Credit Suisse Prime Fund Services
234,CREDIT SUISSE SECURITIES EUROPE,Credit Suisse Prime Fund Services
235,CREDIT SUISSE SECURITIES LLC,Credit Suisse Prime Fund Services
236,CSL STOCKBROKERS LIMITED,CSL Stockbrokers
237,"CULLEN/FROST BANKERS, INC.",Cullen/Frost Bankers
238,DAIWA CAPITAL MARKETS AMERICA INC.,Daiwa Capital Markets America
239,DAIWA CAPITAL MARKETS EUROPE LTD,Daiwa Capital Markets America
240,DB ALTERNATIVE FUND SERVICES,Deutsche Bank
241,DB FUND SERVICES LLC,Deutsche Bank
242,DBS BANK LIMITED,DBS Bank
243,DBS BANK LTD,DBS Bank
244,DBS BANK LTD.,DBS Bank
245,DEUTCHE BANK AG,Deutsche Bank
246,DEUTSCHE ASSET & WEALTH MANAGEMENT,Deutsche Bank
247,DEUTSCHE BANK,Deutsche Bank
248,DEUTSCHE BANK ( CAYMAN) LTD.,Deutsche Bank
249,DEUTSCHE BANK (CAYMAN) LIMITED,Deutsche Bank
250,DEUTSCHE BANK (CAYMAN) LTD,Deutsche Bank
251,DEUTSCHE BANK (CAYMAN) LTD.,Deutsche Bank
252,DEUTSCHE BANK (MAURITIUS) LIMITED,Deutsche Bank
253,DEUTSCHE BANK (MAURITIUS) LTD.,Deutsche Bank
254,DEUTSCHE BANK A.G.,Deutsche Bank
255,DEUTSCHE BANK AG,Deutsche Bank
256,DEUTSCHE BANK- AG,Deutsche Bank
257,DEUTSCHE BANK AG - LONDON BRANCH,Deutsche Bank
258,DEUTSCHE BANK AG - NEW YORK BRANCH,Deutsche Bank
259,DEUTSCHE BANK AG (MUMBAI),Deutsche Bank
260,DEUTSCHE BANK AG NEW YORK BRANCH,Deutsche Bank
261,DEUTSCHE BANK AG SINGAPORE BRANCH,Deutsche Bank
262,"DEUTSCHE BANK AG, DUBLIN BRANCH",Deutsche Bank
263,"DEUTSCHE BANK AG, LONDON BRANCH",Deutsche Bank
264,"DEUTSCHE BANK AG, NEW YORK BRANCH",Deutsche Bank
265,"DEUTSCHE BANK AG, SINGAPORE BRANCH",Deutsche Bank
266,DEUTSCHE BANK NATIONAL TRUST COMPANY,Deutsche Bank
267,DEUTSCHE BANK PRIVATE WEALTH MANAGEMENT,Deutsche Bank
268,DEUTSCHE BANK S.A BANCO ALEMAO,Deutsche Bank
269,DEUTSCHE BANK SECURITIES INC.,Deutsche Bank
270,"DEUTSCHE BANK SECURITIES, INC.",Deutsche Bank
271,DEUTSCHE BANK TRUST CO. AMERICAS,Deutsche Bank
272,DEUTSCHE BANK TRUST COMPANY AMERICAS,Deutsche Bank
273,DEUTSCHE BANK TRUST COMPANY AMERICA,Deutsche Bank
274,DEUTSCHE BANK TRUST COMPANY DELAWARE,Deutsche Bank
275,"DEUTSCHE BANK, AG",Deutsche Bank
276,DEUTSCHE BANK-AG,Deutsche Bank
277,DEUTSCHE SECURITIES KOREA,Deutsche Bank
278,E D & F MAN CAPITAL MARKETS INC.,ED&F Man Capital Markets
279,E*TRADE SECURITIES LLC,Etrade Securities
280,EDELWEISS CUSTODIAL SERVICES LIMITED,Edelweiss Custodial Services
281,EDMOND DE ROTHSCHILD,Banque Priv_e Edmond de Rothschild
282,EFG HERMES,EFG-Hermes
283,ERSTE BANK,Erste Bank
284,ERSTE BANK AD PODGORICA,Erste Bank
285,FEDERATED INVESTORS,Federated Investors
286,FIDELITY BROKERAGE SERVICES LLC,Fidelity Investments
287,FIDELITY CAPITAL MARKETS,Fidelity Investments
288,FIDELITY FAMILY OFFICE SERVICES,Fidelity Investments
289,"FIDELITY INVESTMENT SERVICES, INC.",Fidelity Investments
290,"FIDELITY INVESTMENTS (THE BANK OF NEW YORK, MELLON)",Fidelity Investments
291,"FIDELITY INVESTMENTS INSTITUTIONAL SERVICES COMPANY, INC.",Fidelity Investments
292,"FIDELITY INVESTMENTS, INC.",Fidelity Investments
293,FIDELITY PRIME SERVICES,Fidelity Investments
294,"FIRST CLEARING, LLC",First Clearing
295,FIRST REPUBLIC,First Republic Bank
296,FIRST REPUBLIC BANK,First Republic Bank
297,"FIRST REPUBLIC BANK, N.A.",First Republic Bank
298,"FIRST REPUBLIC SECURITIES COMPANY, LLC",First Republic Bank
299,FIRST REPUBLIC TRUST COMPANY,First Republic Bank
300,"FIRST TENNESSEE BANK, N.A.",First Tennessee Bank
301,FROST BANK,Cullen/Frost Bankers
302,GLOBAL PRIME PARTNERS (ASIA) LIMITED,Global Prime Partners
303,GOLDMAN SACHS,Goldman Sachs
304,GOLDMAN SACHS & CO,Goldman Sachs
305,GOLDMAN SACHS & CO.,Goldman Sachs
306,GOLDMAN SACHS & CO. LLC,Goldman Sachs
307,GOLDMAN SACHS ASSET MANAGEMENT LP,Goldman Sachs
308,GOLDMAN SACHS BANK,Goldman Sachs
309,GOLDMAN SACHS BANK USA,Goldman Sachs
310,GOLDMAN SACHS EXECUTION & CLEARING,Goldman Sachs
311,"GOLDMAN SACHS EXECUTION & CLEARING, L.P.",Goldman Sachs
312,"GOLDMAN SACHS FINANCIAL MARKETS, L.P.",Goldman Sachs
313,GOLDMAN SACHS INTERNATIONAL,Goldman Sachs
314,GOLDMAN SACHS INTERNATIONAL (LONDON),Goldman Sachs
315,GOLDMAN SACHS INTERNATIONAL BANK,Goldman Sachs
316,"GOLDMAN, SACHS & CO",Goldman Sachs
317,"GOLDMAN, SACHS & CO.",Goldman Sachs
318,"GOLDMAN, SACHS & CO. AND AFFILIATED QUALIFIED CUSTODIANS",Goldman Sachs
319,GOLOMT BANK,Golomt bank
320,H.S.B.C. BANK PLC,HSBC
321,"H.S.B.C. BANK USA, NA",HSBC
322,HARRIS BANK N.A.,BMO Harris Bank
323,HARRIS N.A.,BMO Harris Bank
324,HARRIS NA,BMO Harris Bank
325,HARTLEYS LIMITED,Hartleys
326,HAYWOOD SECURITIES (USA) INC.,Haywood Securities
327,HDFC BANK LIMITED,HDFC
328,HSBC BANK,HSBC
329,HSBC BANK (MAURITIUS) LIMITED,HSBC
330,HSBC BANK BERMUDA LIMITED,HSBC
331,HSBC BANK NA USA,HSBC
332,HSBC BANK PLC,HSBC
333,"HSBC BANK U.S.A., NEW YORK",HSBC
334,HSBC BANK USA,HSBC
335,HSBC BANK USA N.A.,HSBC
336,HSBC BANK USA NA,HSBC
337,HSBC BANK USA NATIONAL ASSOCIATION,HSBC
338,"HSBC BANK USA, N.A.",HSBC
339,"HSBC BANK USA, NA",HSBC
340,"HSBC BANK USA, NATIONAL ASSOCIATION",HSBC
341,HSBC INSTITUTIONAL TRUST SERVICE (IRELAND) LIMITED,HSBC
342,HSBC INSTITUTIONAL TRUST SERVICES (BERMUDA) LIMITED,HSBC
343,HSBC INSTITUTIONAL TRUST SERVICES (IRELAND) LIMITED,HSBC
344,HSBC INSTITUTIONAL TRUST SERVICES (SINGAPORE) LIMITED,HSBC
345,HSBC LIMITED,HSBC
346,"HSBC MEXICO, S.A. INSTITUTION DE BANCA MULTIPLE GRUPO FINANCIERO",HSBC
347,HSBC MIDDLE EAST LTD.,HSBC
348,HSBC PLC,HSBC
349,HSBC PRIVATE BANK,HSBC
350,HSBC SECURITIES (USA) INC.,HSBC
351,HSBC SECURITIES SERVICES,HSBC
352,"HSBC USA, N.A.",HSBC
353,HUDSON & CEI,Hudson & Cie
354,IC SECURITIES,IC Securities
355,ICICI BANK LIMITED,ICICI Bank
356,IMARA EDWARDS SECURITIES LIMITED,Imara Edwards Securities
357,INDUSTRIAL AND COMMERCIAL BANK OF CHINA FINANCIAL SERVICES LLC,Industrial and Commercial Bank of China Financial Services
358,INDUSTRIAL BANK OF CHINA,Industrial and Commercial Bank of China Financial Services
359,ING BANK,ING Bank
360,ING BANK N.V.,ING Bank
361,ING LUXEMBOURG S.A.,ING Bank
362,"ING LUXEMBOURG, S.A.",ING Bank
363,INTERACTIVE BROKERS,Interactive Brokers
364,INTERACTIVE BROKERS (U.K.) LIMITED,Interactive Brokers
365,INTERACTIVE BROKERS CORP.,Interactive Brokers
366,INTERACTIVE BROKERS CORPORATION,Interactive Brokers
367,"INTERACTIVE BROKERS GROUP, INC.",Interactive Brokers
368,INTERACTIVE BROKERS LLC,Interactive Brokers
369,"INTERACTIVE BROKERS, LLC",Interactive Brokers
370,INTERCLEAR CENTRAL DE VALORES,InterClear Central De Valores
371,INTERNATIONAL FUND SERVICES NA LLC,International Fund Services
372,INTL FCSTONE,INTL FCStone
373,INTL FCSTONE FINANCIAL INC.,INTL FCStone
374,"INVESTMENT BANK ""VESTA"" (LLC)",Investment Bank Vesta
375,J P MORGAN PRIVATE BANK,J.P. Morgan
376,J. ARON & COMPANY,J.P. Morgan
377,J. P. MORGAN PRIVATE BANK,J.P. Morgan
378,"J.P MORGAN CHASE BANK, N.A.",J.P. Morgan
379,J.P. MORGAN,J.P. Morgan
380,J.P. MORGAN BANK (IRELAND) PLC,J.P. Morgan
381,J.P. MORGAN CHASE,J.P. Morgan
382,J.P. MORGAN CHASE & CO,J.P. Morgan
383,J.P. MORGAN CHASE & CO.,J.P. Morgan
384,J.P. MORGAN CHASE BANK,J.P. Morgan
385,J.P. MORGAN CHASE BANK N.A.,J.P. Morgan
386,J.P. MORGAN CHASE BANK NA,J.P. Morgan
387,"J.P. MORGAN CHASE BANK, N.A.",J.P. Morgan
388,"J.P. MORGAN CHASE BANK, N.A..",J.P. Morgan
389,"J.P. MORGAN CHASE BANK, NA",J.P. Morgan
390,"J.P. MORGAN CHASE, N.A.",J.P. Morgan
391,"J.P. MORGAN CHASE, NA",J.P. Morgan
392,J.P. MORGAN CLEARING CORP.,J.P. Morgan
393,J.P. MORGAN PRIVATE BANK,J.P. Morgan
394,J.P. MORGAN SECURITIES INC.,J.P. Morgan
395,J.P. MORGAN SECURITIES LLC,J.P. Morgan
396,J.P. MORGAN SECURITIES PLC,J.P. Morgan
397,"J.P. MORGAN SECURITIES, LLC",J.P. Morgan
398,JAMAICA CENTRAL SECURITIES DEPOSITORY LIMITED,Jamaica Central Securities Depository
399,JEFFERIES & CO.,Jefferies
400,JEFFERIES & COMPANY INC,Jefferies
401,"JEFFERIES & COMPANY, INC.",Jefferies
402,"JEFFERIES BACHE FINANCIAL SERVICES, INC.",Jefferies
403,"JEFFERIES FINANCIAL SERVICES, INC.",Jefferies
404,JEFFERIES GROUP INC.,Jefferies
405,JEFFERIES INTERNATIONAL LIMITED,Jefferies
406,JEFFERIES LLC,Jefferies
407,JP MORGAN,J.P. Morgan
408,JP MORGAN CCVM SA,J.P. Morgan
409,JP MORGAN CHASE,J.P. Morgan
410,JP MORGAN CHASE & CO,J.P. Morgan
411,JP MORGAN CHASE & CO.,J.P. Morgan
412,JP MORGAN CHASE BANK,J.P. Morgan
413,JP MORGAN CHASE BANK N.A.,J.P. Morgan
414,JP MORGAN CHASE BANK NA,J.P. Morgan
415,JP MORGAN CHASE BANK NEW YORK,J.P. Morgan
416,"JP MORGAN CHASE BANK, N.A.",J.P. Morgan
417,"JP MORGAN CHASE BANK, NA",J.P. Morgan
418,"JP MORGAN CHASE BANK, NATIONAL ASSOCIATION",J.P. Morgan
419,JP MORGAN CHASE N.A,J.P. Morgan
420,JP MORGAN CLEARING CORP,J.P. Morgan
421,JP MORGAN CLEARING CORP.,J.P. Morgan
422,JP MORGAN FUTURES (KOREA) LIMITED,J.P. Morgan
423,JP MORGAN MARKETS LIMITED,J.P. Morgan
424,JP MORGAN SECURITIES,J.P. Morgan
425,JP MORGAN SECURITIES (TAIWAN) LIMITED,J.P. Morgan
426,JP MORGAN SECURITIES LLC,J.P. Morgan
427,JP MORGAN SECURITIES LTD.,J.P. Morgan
428,JP MORGAN SECURITIES PLC,J.P. Morgan
429,"JP MORGAN SECURITIES, LLC",J.P. Morgan
430,JP MORGAN TRUST COMPANY OF DELAWARE,J.P. Morgan
431,JPMORGAN ASSET MANAGEMENT (EUROPE) S.A R.L.,J.P. Morgan
432,JPMORGAN CHASE,J.P. Morgan
433,JPMORGAN CHASE & CO.,J.P. Morgan
434,JPMORGAN CHASE BANK,J.P. Morgan
435,JPMORGAN CHASE BANK N.A.,J.P. Morgan
436,JPMORGAN CHASE BANK NA,J.P. Morgan
437,"JPMORGAN CHASE BANK, N.A.",J.P. Morgan
438,"JPMORGAN CHASE BANK, NA",J.P. Morgan
439,"JPMORGAN CHASE BANK, NATIONAL ASSOCIATION",J.P. Morgan
440,"JPMORGAN CHASE, N.A.",J.P. Morgan
441,"JPMORGAN CHASE, N.A..",J.P. Morgan
442,KCB RWANDA,KCB Rwanda
443,KEYBANK,KeyBank
444,KEYBANK NA,KeyBank
445,"KGS-ALPHA CAPITAL MARKETS, L.P.",KGS-Alpha Capital Markets
446,KLEINWORT BENSON (CHANNEL ISLANDS) LTD,Kleinwort Benson
447,KLEINWORT BENSON (GUERNSEY) LIMITED,Kleinwort Benson
448,"KOREA INVESTMENT & SECURITIES CO., LTD.",Korea Investment & Securities
449,KOTAK INFINITI,Kotak Mahindra Bank
450,KOTAK MAHINDRA BANK,Kotak Mahindra Bank
451,KOTAK MAHINDRA BANK LIMITED,Kotak Mahindra Bank
452,"KOTAK MAHINDRA, LTD",Kotak Mahindra Bank
453,KOTAK SECURITIES,Kotak Mahindra Bank
454,"KT ZMICO SECURITIES CO., LTD.",KT Zmico Securities Company
455,KT-ZMICO,KT Zmico Securities Company
456,LADENBURG THALMANN & CO. INC.,Ladenburg Thalmann Financial Services
457,LOOMIS INTERNATIONAL (UK) LIMITED,Loomis International
458,M&T BANK,M&T Bank
459,MAC S.A.,MAC SA
460,MACQUARIE BANK LIMITED,Macquarie Bank
461,MAPLES FUND SERVICES (CAYMAN) LIMITED,Maples Fund Services
462,MAXIM GROUP LLC,Maxim Group
463,MERRIILL LYNCH PROFESSIONAL CLEARING CORP.,Merrill Lynch International
464,"MERRILL LYNCH CAPITAL SERVICES, INC.",Merrill Lynch International
465,"MERRILL LYNCH FINANCIAL MARKETS, INC",Merrill Lynch International
466,"MERRILL LYNCH FINANCIAL MARKETS, INC.",Merrill Lynch International
467,MERRILL LYNCH GOVERNMENT SECURITIES INC.,Merrill Lynch International
468,MERRILL LYNCH INTERNATIONAL,Merrill Lynch International
469,MERRILL LYNCH INTERNATIONAL INC,Merrill Lynch International
470,MERRILL LYNCH INTERNATIONAL INC. SEOUL BRANCH,Merrill Lynch International
471,MERRILL LYNCH INTERNATIONAL LIMITED,Merrill Lynch International
472,MERRILL LYNCH PROFESSIONAL CLEARING CORP,Merrill Lynch International
473,MERRILL LYNCH PROFESSIONAL CLEARING CORP.,Merrill Lynch International
474,MILLENIUM TRUST,Millennium Trust Company
475,MILLENIUM TRUST COMPANY,Millennium Trust Company
476,MILLENNIUM TRUST CO,Millennium Trust Company
477,MILLENNIUM TRUST COMPANY,Millennium Trust Company
478,MILLENNIUM TRUST COMPANY LLC,Millennium Trust Company
479,MITSUBISHI UFJ GLOBAL CUSTODY SA,Mitsubishi UFJ Global Custody
480,MIZUHO SECURITIES USA INC.,Mizuho Securities
481,MORGAN STANELY & CO. LLC,Morgan Stanley
482,MORGAN STANLEY,Morgan Stanley
483,MORGAN STANLEY & CO INT PLC,Morgan Stanley
484,MORGAN STANLEY & CO INTERNATIONAL,Morgan Stanley
485,MORGAN STANLEY & CO INTERNATIONAL LTD,Morgan Stanley
486,MORGAN STANLEY & CO INTERNATIONAL PLC,Morgan Stanley
487,"MORGAN STANLEY & CO INTERNATIONAL, PLC",Morgan Stanley
488,MORGAN STANLEY & CO INTL PLC,Morgan Stanley
489,MORGAN STANLEY & CO LLC,Morgan Stanley
490,"MORGAN STANLEY & CO, INTERNATIONAL PLC",Morgan Stanley
491,"MORGAN STANLEY & CO, LLC",Morgan Stanley
492,MORGAN STANLEY & CO. INCORPORATED,Morgan Stanley
493,MORGAN STANLEY & CO. INT PLC,Morgan Stanley
494,MORGAN STANLEY & CO. INTERNATIONAL,Morgan Stanley
495,MORGAN STANLEY & CO. INTERNATIONAL PLC,Morgan Stanley
496,MORGAN STANLEY & CO. INTERNATIONAL PLC.,Morgan Stanley
497,MORGAN STANLEY & CO. LLC,Morgan Stanley
498,MORGAN STANLEY & CO. LLC AND AFFILIATED QUALIFIED CUSTODIANS,Morgan Stanley
499,"MORGAN STANLEY & CO., INC.",Morgan Stanley
500,MORGAN STANLEY CAPITAL GROUP INC.,Morgan Stanley
501,MORGAN STANLEY CAPITAL PRODUCTS LLC,Morgan Stanley
502,MORGAN STANLEY CAPITAL SERVICES,Morgan Stanley
503,MORGAN STANLEY CAPITAL SERVICES INC,Morgan Stanley
504,MORGAN STANLEY CAPITAL SERVICES INC.,Morgan Stanley
505,MORGAN STANLEY CAPITAL SERVICES LLC,Morgan Stanley
506,MORGAN STANLEY CAPITAL SERVICES LLC.,Morgan Stanley
507,"MORGAN STANLEY CAPITAL SERVICES, INC.",Morgan Stanley
508,"MORGAN STANLEY CAPITAL SERVICES, LLC",Morgan Stanley
509,MORGAN STANLEY INSTITUTIONAL LIQUIDITY FUNDS,Morgan Stanley
510,MORGAN STANLEY INTERNATIONAL LIMITED,Morgan Stanley
511,MORGAN STANLEY INTERNATIONAL PLC,Morgan Stanley
512,MORGAN STANLEY LIQUIDITY FUNDS,Morgan Stanley
513,MORGAN STANLEY PRIVATE BANK,Morgan Stanley
514,MORGAN STANLEY PRIVATE BANK ASSOCIATION,Morgan Stanley
515,MORGAN STANLEY PRIVATE BANK NA,Morgan Stanley
516,MORGAN STANLEY PRIVATE BANK NATIONAL ASSOCIATION,Morgan Stanley
517,"MORGAN STANLEY PRIVATE BANK, N.A.",Morgan Stanley
518,"MORGAN STANLEY PRIVATE BANK, NA",Morgan Stanley
519,"MORGAN STANLEY PRIVATE BANK, NATIONAL ASSOCIATION",Morgan Stanley
520,"MORGAN STANLEY PRIVATE BANK, NATIONAL ASSOCIATION.",Morgan Stanley
521,MORGAN STANLEY SECURITIES LIMITED,Morgan Stanley
522,MORGAN STANLEY SERVICES,Morgan Stanley
523,MORGAN STANLEY SMITH BARNEY LLC,Morgan Stanley Smith Barney
524,MORGAN STANLEY TRUST NATIONAL ASSOCIATION,Morgan Stanley
525,MUFG ALTERNATIVE FUND SERVICES (CAYMAN) LIMITED,MUFG Union Bank
526,MUFG ALTERNATIVE FUND SERVICES (CAYMAN) LTD,MUFG Union Bank
527,MUFG ALTERNATIVE FUND SERVICES (CAYMAN) LTD.,MUFG Union Bank
528,MUFG FUND SERVICES (CAYMAN) LIMITED,MUFG Union Bank
529,MUFG FUND SERVICES (CAYMAN) LTD.,MUFG Union Bank
530,MUFG INVESTOR SERVICES,MUFG Union Bank
531,MUFG UNION BANK,MUFG Union Bank
532,MUFG UNION BANK N.A.,MUFG Union Bank
533,"MUFG UNION BANK, N.A.",MUFG Union Bank
534,NEWEDGE UK FINANCIAL LIMITED,Societe Generale Newedge UK
535,"NEWEDGE USA, LLC",Societe Generale Newedge UK
536,NEXBANK SSB,NexBank
537,NLB TUTUNSKA BANKA AD SKOPJE,NLB Tutunska banka
538,NOMURA SECURITIES INTERNATIONAL INC,Nomura Securities
539,"NOMURA SECURITIES INTERNATIONAL, INC",Nomura Securities
540,"NOMURA SECURITIES INTERNATIONAL, INC.",Nomura Securities
541,NORTHBROOK BANK & TRUST,Northbrook Bank & Trust
542,NORTHBROOK BANK & TRUST COMPANY,Northbrook Bank & Trust
543,"NORTHBROOK BANK & TRUST, WINTRUST FUNDS GROUP",Northbrook Bank & Trust
544,NORTHBROOK BANK AND TRUST,Northbrook Bank & Trust
545,NORTHBROOK BANK AND TRUST COMPANY,Northbrook Bank & Trust
546,NORTHERN TRUST,Northern Trust Custody Services
547,NORTHERN TRUST (GUERNSEY) LIMITED,Northern Trust Custody Services
548,NORTHERN TRUST BANK FSB,Northern Trust Custody Services
549,NORTHERN TRUST BANK NA,Northern Trust Custody Services
550,NORTHERN TRUST CO CHICAGO,Northern Trust Custody Services
551,NORTHERN TRUST CO.,Northern Trust Custody Services
552,NORTHERN TRUST COMPANY,Northern Trust Custody Services
553,NORTHERN TRUST CORPORATION,Northern Trust Custody Services
554,NORTHERN TRUST FIDUCIARY SERVICES (IRELAND) LIMITED,Northern Trust Custody Services
555,NORTHERN TRUST GLOBAL FUND SERVICES CAYMAN LIMITED,Northern Trust Custody Services
556,NORTHERN TRUST GLOBAL SERVICES,Northern Trust Custody Services
557,NORTHERN TRUST GLOBAL SERVICES LIMITED,Northern Trust Custody Services
558,NORTHERN TRUST HEDGE FUND SERVICES LLC,Northern Trust Custody Services
559,NORTHERN TRUST INTERNATIONAL BANK CORPORATION,Northern Trust Custody Services
560,NORTHERN TRUST INTERNATIONAL BANKING,Northern Trust Custody Services
561,NORTHERN TRUST INTERNATIONAL BANKING CORP,Northern Trust Custody Services
562,NORTHERN TRUST INTERNATIONAL BANKING CORP.,Northern Trust Custody Services
563,NORTHERN TRUST INTERNATIONAL BANKING CORPORATION,Northern Trust Custody Services
564,"NORTHERN TRUST SECURITIES, INC.",Northern Trust Custody Services
565,NOVA BANK A.D.,Nova Banka
566,OPPENHEIMER & CO. INC.,Oppenheim
567,PERSHING,Pershing Prime Services
568,PERSHING ADVISOR SOLUTIONS LLC,Pershing Prime Services
569,PERSHING LLC,Pershing Prime Services
570,"PERSHING, LLC",Pershing Prime Services
571,PLAINS CAPITAL BANK,PlainsCapital Bank
572,PNC BANK,PNC
573,PNC BANK NA,PNC
574,"PNC BANK, N.A.",PNC
575,"PNC BANK, NA",PNC
576,"PNC BANK,NA",PNC
577,PRINSBANK,PrinsBank
578,RABEE SECURITIES,Rabee Securities
579,"RAND FINANCIAL SERVICES, INC.",Rand Financial Services
580,"RAYMOND JAMES & ASSOCIATES, INC.",Raymond James & Associates
581,RICHARDSON GMP LIMITED,Richardson GMP
582,RICHARDSON GMP LTD.,Richardson GMP
583,ROSENTHAL COLLINS GROUP,Rosenthal Collins Group
584,ROSENTHAL COLLINS GROUP LLC,Rosenthal Collins Group
585,"ROSENTHAL COLLINS GROUP, LLC",Rosenthal Collins Group
586,ROYAL BANK OF SCOTLAND PLC,Royal Bank of Scotland
587,S.C. BANCPOST S.A.,Bancpost
588,SAHEM TRADING & INVESTMENTS,Sahem Trading & Investments Company
589,"SAPIEN CAPITAL, LIMITED",Sapien Capital
590,SBI-SG GLOBAL SECURITIES SERVICES PVT LTD,SBI-SG Global Securities Services
591,SCHWAB,Charles Schwab & Co.
592,SCOTIA CAPITAL (USA) INC,Scotia Capital
593,SCOTIA CAPITAL (USA) INC.,Scotia Capital
594,"SCOTTRADE, INC.",Scottrade
595,"SEA PORT GROUP SECURITIES, LLC",Seaport Group Securities
596,SG AMERICAS SECURITIES LLC,SG Americas Securities
597,"SG AMERICAS SECURITIES, LLC",SG Americas Securities
598,SG HAMBROS TRUST COMPANY (CHANNEL ISLANDS) LIMITED,SG Hambros
599,SGI HUDSON & CIE,Hudson & Cie
600,SHINHAN BANK,Shinhan Bank
601,SIGNATURE BANK,Signature Bank
602,SIGNATURE SECURITIES GROUP CORPORATION,Signature Bank
603,SILICON VALLEY BANK,Silicon Valley Bank
604,SOCIETE GENERALE NEWEDGE UK LIMITED,Societe Generale Newedge UK
605,SOUTH STREET SECURITIES LLC,South Street Securities
606,STAMFORD BANK & TRUST,Stamford Bank & Trust
607,STANBIC BANK TANZANIA,Stanbic Bank Tanzania
608,STANDARD BANK SOUTH AFRICA,Standard Bank
609,"STANDARD BANK, PLC",Standard Bank
610,STANDARD CHARTERED,Standard Chartered Bank
611,STANDARD CHARTERED BANK,Standard Chartered Bank
612,STANDARD CHARTERED BANK (INDIA),Standard Chartered Bank
613,STANDARD CHARTERED BANK (MAURITIUS) LIMITED,Standard Chartered Bank
614,STATE STREET,State Street Custody Services
615,STATE STREET ALTERNATIVE INVESTMENT SOLUTIONS,State Street Custody Services
616,STATE STREET BANK,State Street Custody Services
617,STATE STREET BANK & TRUST,State Street Custody Services
618,STATE STREET BANK & TRUST CO,State Street Custody Services
619,STATE STREET BANK & TRUST CO.,State Street Custody Services
620,STATE STREET BANK & TRUST COMPANY,State Street Custody Services
621,STATE STREET BANK &TRUST COMPANY,State Street Custody Services
622,STATE STREET BANK AND TRUST CO.,State Street Custody Services
623,STATE STREET BANK AND TRUST CO. NA BOSTON,State Street Custody Services
624,STATE STREET BANK AND TRUST COMPANY,State Street Custody Services
625,STATE STREET BANK CAYMAN TRUST COMPANY LTD,State Street Custody Services
626,STATE STREET BANKING TRUST COMPANY,State Street Custody Services
627,STATE STREET CAYMAN TRUST LTD.,State Street Custody Services
628,STATE STREET CORPORATION,State Street Custody Services
629,STATE STREET CUSTODIAL SERVICES (IRELAND) LIMITED,State Street Custody Services
630,"STATE STREET GLOBAL ADVISORS FUNDS DISTRIBUTORS, LLC",State Street Custody Services
631,"STATE STREET GLOBAL MARKETS, LLC",State Street Custody Services
632,STATE STREET INTERNATIONAL (IRELAND) LIMITED,State Street Custody Services
633,STIFEL FINANCIAL CORP.,Stifel Nicolaus & Company
634,"STIFEL, NICOLAUS & COMPANY, INCORPORATED",Stifel Nicolaus & Company
635,STOCKBROKERS MALAWI LIMITED,Stockbrokers Malawi
636,SUNTRUST BANK,SunTrust Banks
637,"SUNTRUST BANK, N.A.",SunTrust Banks
638,"SUNTRUST BANKS, INC.",SunTrust Banks
639,"SUNTRUST INVESTMENT SERVICES, INC.",SunTrust Banks
640,"SUNTRUST ROBINSON HUMPHREY, INC.",SunTrust Banks
641,SVENSKA HANDELSBANKEN AB,Svenska Handelsbanken
642,SWISSQUOTE BANK SA,Swissquote Bank
643,TADAWUL,Tadawul
644,TD AMERITRADE,TD Ameritrade
645,"TD AMERITRADE CLEARING, INC.",TD Ameritrade
646,TD AMERITRADE INSTITUTIONAL,TD Ameritrade
647,"TD AMERITRADE, INC.",TD Ameritrade
648,TD BANK,TD Bank
649,"TD BANK, N.A.",TD Bank
650,"TD BANK, NA",TD Bank
651,TD SECURITIES,TD Securities
652,TD SECURITIES INC.,TD Securities
653,TEXAS CAPITAL BANK,Texas Capital Bank
654,TEXAS CAPITAL BANK N.A.,Texas Capital Bank
655,"TEXAS CAPITAL BANK, N.A.",Texas Capital Bank
656,"TEXAS CAPITAL BANK, NA",Texas Capital Bank
657,THE BANK OF NEW YORK,BNY Mellon
658,THE BANK OF NEW YORK MELLON,BNY Mellon
659,THE BANK OF NEW YORK MELLON (AIS PRIME CUSTODY),BNY Mellon
660,THE BANK OF NEW YORK MELLON (LONDON BRANCH),BNY Mellon
661,THE BANK OF NEW YORK MELLON CORPORATION,BNY Mellon
662,"THE BANK OF NEW YORK MELLON SA/NV, LONDON BRANCH",BNY Mellon
663,"THE BANK OF NEW YORK MELLON TRUST COMPANY, N.A.",BNY Mellon
664,"THE BANK OF NEW YORK MELLON TRUST COMPANY, NATIONAL ASSOCIATION",BNY Mellon
665,"THE BANK OF NEW YORK TRUST COMPANY, N.A.",BNY Mellon
666,THE NORTHERN TRUST CO.,Northern Trust Custody Services
667,THE NORTHERN TRUST COMPANY,Northern Trust Custody Services
668,THE NORTHERN TRUST INTERNATIONAL BANK CORP,Northern Trust Custody Services
669,THE NORTHERN TRUST INTERNATIONAL BANKING COPRORATION,Northern Trust Custody Services
670,THE NORTHERN TRUST INTERNATIONAL BANKING CORP,Northern Trust Custody Services
671,THE NORTHERN TRUST INTERNATIONAL BANKING CORP.,Northern Trust Custody Services
672,THE NORTHERN TRUST INTERNATIONAL BANKING CORPORATION,Northern Trust Custody Services
673,"THE NORTHERN TRUST INTERNATIONAL BANKING CORPORATION, NJ",Northern Trust Custody Services
674,THE NORTHERN TRUST INTERNATIONAL BANKING CRP,Northern Trust Custody Services
675,THE NORTHERN TRUST INT'L BANKING CORPORATION,Northern Trust Custody Services
676,THE PICTET GROUP,Northern Trust Custody Services
677,THE PRIVATE BANK,The Private Bank
678,THE PRIVATE BANK AND TRUST COMPANY,The Private Bank
679,THE PRIVATEBANK,The Private Bank
680,THE PRIVATEBANK AND TRUST COMPANY,The PrivateBank and Trust
681,THE ROYAL BANK OF SCOTLAND PLC,Royal Bank of Scotland
682,TRINIDAD & TOBAGO CENTRAL DEPOSITORY,Trinidad and Tobago Central Depository
683,TUTUNSKA BANKA,NLB Tutunska banka
684,U.S. BANCORP,US Bancorp Fund Services
685,"U.S. BANCORP FUND SERVICES, LLC",US Bancorp Fund Services
686,"U.S. BANCORP INVESTMENTS, INC.",US Bancorp Fund Services
687,U.S. BANK INSTITUTIONAL TRUST & CUSTODY,U.S. Bank Institutional Trust & Custody
688,U.S. BANK N.A.,U.S. Bank National Association
689,U.S. BANK NATIONAL ASSOCIATION,U.S. Bank National Association
690,U.S. BANK NATIONAL BANK,U.S. Bank National Association
691,"U.S. BANK, N.A.",U.S. Bank National Association
692,"U.S. BANK, NA",U.S. Bank National Association
693,"U.S. BANK, NA, INSTITUTIONAL TRUST & CUSTODY",U.S. Bank Institutional Trust & Custody
694,"U.S. BANK, NATIONAL ASSOCIATION",U.S. Bank National Association
695,UBS,UBS
696,UBS AG,UBS
697,UBS AG (LONDON),UBS
698,UBS AG LONDON,UBS
699,"UBS AG, LONDON BRANCH",UBS
700,"UBS AG, SINGAPORE BRANCH",UBS
701,UBS BRASIL CORRETORA DE CAMBIO,UBS
702,UBS FINANCIAL SERVICES,UBS
703,UBS FINANCIAL SERVICES INC.,UBS
704,"UBS FINANCIAL SERVICES, INC.",UBS
705,UBS LIMITED,UBS
706,UBS SECURITIES AG,UBS
707,UBS SECURITIES AUSTRALIA LIMITED,UBS
708,UBS SECURITIES LLC,UBS
709,UBS SWITZERLAND AG,UBS
710,"UBS, AG",UBS
711,US BANCORP FUND SERVICES,US Bancorp Fund Services
712,"US BANCORP FUND SERVICES, LLC",US Bancorp Fund Services
713,US BANK N.A.,U.S. Bank National Association
714,US BANK NA,U.S. Bank National Association
715,US BANK NATIONAL ASSOCIATION,U.S. Bank National Association
716,"US BANK, NA",U.S. Bank National Association
717,"US BANK, NATIONAL ASSOCIATION",U.S. Bank National Association
718,US BANKCORP,US Bancorp Fund Services
719,VANGUARD CAPITAL,Vanguard Marketing Corporation
720,VANGUARD MARKETING CORPORATION,Vanguard Marketing Corporation
721,V-BANK AG,V-Bank
722,VICTOR PAULLIER & CIA.,Victor Paullier & Cia
723,WEDBUSH SECURITIES INC.,Wedbush Securities
724,"WEDBUSH SECURITIES, INC.",Wedbush Securities
725,"WEEDEN PRIME SERVICES, LLC.",Weeden Prime Services
726,WELLS FARGO,Wells Fargo
727,WELLS FARGO & CO.,Wells Fargo
728,WELLS FARGO & COMPANY,Wells Fargo
729,"WELLS FARGO ADVISORS, LLC",Wells Fargo Advisors
730,WELLS FARGO BANK,Wells Fargo
731,WELLS FARGO BANK N.A,Wells Fargo
732,WELLS FARGO BANK N.A.,Wells Fargo
733,WELLS FARGO BANK NA,Wells Fargo
734,"WELLS FARGO BANK, N.A",Wells Fargo
735,"WELLS FARGO BANK, N.A.",Wells Fargo
736,"WELLS FARGO BANK, NA",Wells Fargo
737,"WELLS FARGO BANK, NATIONAL ASSOCIATION",Wells Fargo
738,"WELLS FARGO CLEARING SERVICES, LLC",Wells Fargo
739,WELLS FARGO COMPANY,Wells Fargo
740,WELLS FARGO INSTITUTIONAL RETIREMENT AND TRUST,Wells Fargo
741,WELLS FARGO INSTITUTIONAL TRUST,Wells Fargo
742,WELLS FARGO N.A.,Wells Fargo
743,WELLS FARGO PRIME SERVICES,Wells Fargo
744,WELLS FARGO PRIME SERVICES LLC,Wells Fargo
745,"WELLS FARGO PRIME SERVICES, LLC",Wells Fargo
746,WELLS FARGO PRIVATE BANK,Wells Fargo
747,WELLS FARGO SECURITIES,Wells Fargo
748,WELLS FARGO SECURITIES INC.,Wells Fargo
749,"WELLS FARGO SECURITIES, LLC",Wells Fargo
750,WELLS FARGO TRUST,Wells Fargo
751,"WELLS FARGO, N.A.",Wells Fargo
752,"WELLS FARGO, N.A. CORPORATE TRUST & ESCROW SERVICES",Wells Fargo
753,"WELLS FARGO, N.A., CORPORATE TRUST & ESCROW SERVICES",Wells Fargo
754,WILMINGTON TRUST,Wilmington Trust
755,WILMINGTON TRUST COMPANY,Wilmington Trust
756,"WINSLOW, EVANS & CROCKER, INC.","Winslow, Evans & Crocker Inc."
757,WINTRUST BANK,Wintrust Bank
758,WINTRUST FINANCIAL,Wintrust Bank
759,WINTRUST FINANCIAL CORPORATION,Wintrust Bank
760,WINTRUST FUNDS GROUP,Wintrust Bank