Cluster ID,confidence_score,Match,Key,Unique Custodians,canonical_Key,canonical_Unique Custodians,canonical_Match
0,0.992247,BlackRock Advisors,72,"BLACKROCK ADVISORS, LLC",b'72',"b'BLACKROCK ADVISORS, LLC'",b'BlackRock Advisors'
0,0.992247,BlackRock Advisors,73,"BLACKROCK INVESTMENTS, LLC",b'72',"b'BLACKROCK ADVISORS, LLC'",b'BlackRock Advisors'
1,0.998196,Erste Bank,283,ERSTE BANK,b'283',b'ERSTE BANK',b'Erste Bank'
1,0.998196,Erste Bank,284,ERSTE BANK AD PODGORICA,b'283',b'ERSTE BANK',b'Erste Bank'
2,0.998311,CACEIS Bank,133,CACEIS BANK LUXEMBOURG,b'133',b'CACEIS BANK LUXEMBOURG',b'CACEIS Bank'
2,0.998311,CACEIS Bank,134,CACEIS BANK LUXEMBOURG - DUBLIN BRANCH,b'133',b'CACEIS BANK LUXEMBOURG',b'CACEIS Bank'
3,0.998352041,Interactive Brokers,363,INTERACTIVE BROKERS,b'363',b'INTERACTIVE BROKERS',b'Interactive Brokers'
3,0.995595098,Interactive Brokers,364,INTERACTIVE BROKERS (U.K.) LIMITED,b'363',b'INTERACTIVE BROKERS',b'Interactive Brokers'
3,0.997147073,Interactive Brokers,365,INTERACTIVE BROKERS CORP.,b'363',b'INTERACTIVE BROKERS',b'Interactive Brokers'
3,0.995516102,Interactive Brokers,366,INTERACTIVE BROKERS CORPORATION,b'363',b'INTERACTIVE BROKERS',b'Interactive Brokers'
3,0.995323102,Interactive Brokers,367,"INTERACTIVE BROKERS GROUP, INC.",b'363',b'INTERACTIVE BROKERS',b'Interactive Brokers'
3,0.997470895,Interactive Brokers,368,INTERACTIVE BROKERS LLC,b'363',b'INTERACTIVE BROKERS',b'Interactive Brokers'
3,0.996649901,Interactive Brokers,369,"INTERACTIVE BROKERS, LLC",b'363',b'INTERACTIVE BROKERS',b'Interactive Brokers'
4,0.984950656,Merrill Lynch International,463,MERRIILL LYNCH PROFESSIONAL CLEARING CORP.,b'463',b'MERRILL LYNCH INTERNATIONAL',b'Merrill Lynch International'
4,0.98371371,Merrill Lynch International,464,"MERRILL LYNCH CAPITAL SERVICES, INC.",b'463',b'MERRILL LYNCH INTERNATIONAL',b'Merrill Lynch International'
4,0.984417117,Merrill Lynch International,465,"MERRILL LYNCH FINANCIAL MARKETS, INC",b'463',b'MERRILL LYNCH INTERNATIONAL',b'Merrill Lynch International'
4,0.984499288,Merrill Lynch International,466,"MERRILL LYNCH FINANCIAL MARKETS, INC.",b'463',b'MERRILL LYNCH INTERNATIONAL',b'Merrill Lynch International'
4,0.982263631,Merrill Lynch International,467,MERRILL LYNCH GOVERNMENT SECURITIES INC.,b'463',b'MERRILL LYNCH INTERNATIONAL',b'Merrill Lynch International'
4,0.993236411,Merrill Lynch International,468,MERRILL LYNCH INTERNATIONAL,b'463',b'MERRILL LYNCH INTERNATIONAL',b'Merrill Lynch International'
4,0.991417062,Merrill Lynch International,469,MERRILL LYNCH INTERNATIONAL INC,b'463',b'MERRILL LYNCH INTERNATIONAL',b'Merrill Lynch International'
4,0.985693991,Merrill Lynch International,470,MERRILL LYNCH INTERNATIONAL INC. SEOUL BRANCH,b'463',b'MERRILL LYNCH INTERNATIONAL',b'Merrill Lynch International'
4,0.986139864,Merrill Lynch International,471,MERRILL LYNCH INTERNATIONAL LIMITED,b'463',b'MERRILL LYNCH INTERNATIONAL',b'Merrill Lynch International'
4,0.985928476,Merrill Lynch International,472,MERRILL LYNCH PROFESSIONAL CLEARING CORP,b'463',b'MERRILL LYNCH INTERNATIONAL',b'Merrill Lynch International'
4,0.986290807,Merrill Lynch International,473,MERRILL LYNCH PROFESSIONAL CLEARING CORP.,b'463',b'MERRILL LYNCH INTERNATIONAL',b'Merrill Lynch International'
5,0.980830569,J.P. Morgan,375,J P MORGAN PRIVATE BANK,b'417',b'JP MORGAN',b'J.P. Morgan'
5,0.954136524,J.P. Morgan,376,J. ARON & COMPANY,b'417',b'JP MORGAN',b'J.P. Morgan'
5,0.978258772,J.P. Morgan,377,J. P. MORGAN PRIVATE BANK,b'417',b'JP MORGAN',b'J.P. Morgan'
5,0.987459023,J.P. Morgan,378,"J.P MORGAN CHASE BANK, N.A.",b'417',b'JP MORGAN',b'J.P. Morgan'
5,0.991998004,J.P. Morgan,379,J.P. MORGAN,b'417',b'JP MORGAN',b'J.P. Morgan'
5,0.978263011,J.P. Morgan,380,J.P. MORGAN BANK (IRELAND) PLC,b'417',b'JP MORGAN',b'J.P. Morgan'
5,0.990784348,J.P. Morgan,381,J.P. MORGAN CHASE,b'417',b'JP MORGAN',b'J.P. Morgan'
5,0.986365226,J.P. Morgan,382,J.P. MORGAN CHASE & CO,b'417',b'JP MORGAN',b'J.P. Morgan'
5,0.985338687,J.P. Morgan,383,J.P. MORGAN CHASE & CO.,b'417',b'JP MORGAN',b'J.P. Morgan'
5,0.987781678,J.P. Morgan,384,J.P. MORGAN CHASE BANK,b'417',b'JP MORGAN',b'J.P. Morgan'
5,0.98740965,J.P. Morgan,385,J.P. MORGAN CHASE BANK N.A.,b'417',b'JP MORGAN',b'J.P. Morgan'
5,0.986360585,J.P. Morgan,386,J.P. MORGAN CHASE BANK NA,b'417',b'JP MORGAN',b'J.P. Morgan'
5,0.987112677,J.P. Morgan,387,"J.P. MORGAN CHASE BANK, N.A.",b'417',b'JP MORGAN',b'J.P. Morgan'
5,0.987190376,J.P. Morgan,388,"J.P. MORGAN CHASE BANK, N.A..",b'417',b'JP MORGAN',b'J.P. Morgan'
5,0.98622844,J.P. Morgan,389,"J.P. MORGAN CHASE BANK, NA",b'417',b'JP MORGAN',b'J.P. Morgan'
5,0.985042343,J.P. Morgan,390,"J.P. MORGAN CHASE, N.A.",b'417',b'JP MORGAN',b'J.P. Morgan'
5,0.987172149,J.P. Morgan,391,"J.P. MORGAN CHASE, NA",b'417',b'JP MORGAN',b'J.P. Morgan'
5,0.980031114,J.P. Morgan,392,J.P. MORGAN CLEARING CORP.,b'417',b'JP MORGAN',b'J.P. Morgan'
5,0.980186001,J.P. Morgan,393,J.P. MORGAN PRIVATE BANK,b'417',b'JP MORGAN',b'J.P. Morgan'
5,0.978844463,J.P. Morgan,394,J.P. MORGAN SECURITIES INC.,b'417',b'JP MORGAN',b'J.P. Morgan'
5,0.977274101,J.P. Morgan,395,J.P. MORGAN SECURITIES LLC,b'417',b'JP MORGAN',b'J.P. Morgan'
5,0.977300343,J.P. Morgan,396,J.P. MORGAN SECURITIES PLC,b'417',b'JP MORGAN',b'J.P. Morgan'
5,0.978152892,J.P. Morgan,397,"J.P. MORGAN SECURITIES, LLC",b'417',b'JP MORGAN',b'J.P. Morgan'
5,0.995942996,J.P. Morgan,407,JP MORGAN,b'417',b'JP MORGAN',b'J.P. Morgan'
5,0.98863133,J.P. Morgan,408,JP MORGAN CCVM SA,b'417',b'JP MORGAN',b'J.P. Morgan'
5,0.994286513,J.P. Morgan,409,JP MORGAN CHASE,b'417',b'JP MORGAN',b'J.P. Morgan'
5,0.989163912,J.P. Morgan,410,JP MORGAN CHASE & CO,b'417',b'JP MORGAN',b'J.P. Morgan'
5,0.988167749,J.P. Morgan,411,JP MORGAN CHASE & CO.,b'417',b'JP MORGAN',b'J.P. Morgan'
5,0.990605191,J.P. Morgan,412,JP MORGAN CHASE BANK,b'417',b'JP MORGAN',b'J.P. Morgan'
5,0.987426284,J.P. Morgan,413,JP MORGAN CHASE BANK N.A.,b'417',b'JP MORGAN',b'J.P. Morgan'
5,0.988494121,J.P. Morgan,414,JP MORGAN CHASE BANK NA,b'417',b'JP MORGAN',b'J.P. Morgan'
5,0.986838751,J.P. Morgan,415,JP MORGAN CHASE BANK NEW YORK,b'417',b'JP MORGAN',b'J.P. Morgan'
5,0.986817389,J.P. Morgan,416,"JP MORGAN CHASE BANK, N.A.",b'417',b'JP MORGAN',b'J.P. Morgan'
5,0.987442025,J.P. Morgan,417,"JP MORGAN CHASE BANK, NA",b'417',b'JP MORGAN',b'J.P. Morgan'
5,0.989932189,J.P. Morgan,418,"JP MORGAN CHASE BANK, NATIONAL ASSOCIATION",b'417',b'JP MORGAN',b'J.P. Morgan'
5,0.990637745,J.P. Morgan,419,JP MORGAN CHASE N.A,b'417',b'JP MORGAN',b'J.P. Morgan'
5,0.979623628,J.P. Morgan,420,JP MORGAN CLEARING CORP,b'417',b'JP MORGAN',b'J.P. Morgan'
5,0.979142307,J.P. Morgan,421,JP MORGAN CLEARING CORP.,b'417',b'JP MORGAN',b'J.P. Morgan'
5,0.978842416,J.P. Morgan,422,JP MORGAN FUTURES (KOREA) LIMITED,b'417',b'JP MORGAN',b'J.P. Morgan'
5,0.973585854,J.P. Morgan,423,JP MORGAN MARKETS LIMITED,b'417',b'JP MORGAN',b'J.P. Morgan'
5,0.981534026,J.P. Morgan,424,JP MORGAN SECURITIES,b'417',b'JP MORGAN',b'J.P. Morgan'
5,0.982859218,J.P. Morgan,425,JP MORGAN SECURITIES (TAIWAN) LIMITED,b'417',b'JP MORGAN',b'J.P. Morgan'
5,0.976972418,J.P. Morgan,426,JP MORGAN SECURITIES LLC,b'417',b'JP MORGAN',b'J.P. Morgan'
5,0.977681976,J.P. Morgan,427,JP MORGAN SECURITIES LTD.,b'417',b'JP MORGAN',b'J.P. Morgan'
5,0.976948751,J.P. Morgan,428,JP MORGAN SECURITIES PLC,b'417',b'JP MORGAN',b'J.P. Morgan'
5,0.976928287,J.P. Morgan,429,"JP MORGAN SECURITIES, LLC",b'417',b'JP MORGAN',b'J.P. Morgan'
5,0.981509767,J.P. Morgan,430,JP MORGAN TRUST COMPANY OF DELAWARE,b'417',b'JP MORGAN',b'J.P. Morgan'
5,0.981704178,J.P. Morgan,431,JPMORGAN ASSET MANAGEMENT (EUROPE) S.A R.L.,b'417',b'JP MORGAN',b'J.P. Morgan'
5,0.993130796,J.P. Morgan,432,JPMORGAN CHASE,b'417',b'JP MORGAN',b'J.P. Morgan'
5,0.985289963,J.P. Morgan,433,JPMORGAN CHASE & CO.,b'417',b'JP MORGAN',b'J.P. Morgan'
5,0.988420372,J.P. Morgan,434,JPMORGAN CHASE BANK,b'417',b'JP MORGAN',b'J.P. Morgan'
5,0.983978619,J.P. Morgan,435,JPMORGAN CHASE BANK N.A.,b'417',b'JP MORGAN',b'J.P. Morgan'
5,0.985795459,J.P. Morgan,436,JPMORGAN CHASE BANK NA,b'417',b'JP MORGAN',b'J.P. Morgan'
5,0.983035888,J.P. Morgan,437,"JPMORGAN CHASE BANK, N.A.",b'417',b'JP MORGAN',b'J.P. Morgan'
5,0.984238628,J.P. Morgan,438,"JPMORGAN CHASE BANK, NA",b'417',b'JP MORGAN',b'J.P. Morgan'
5,0.987406228,J.P. Morgan,439,"JPMORGAN CHASE BANK, NATIONAL ASSOCIATION",b'417',b'JP MORGAN',b'J.P. Morgan'
5,0.984890903,J.P. Morgan,440,"JPMORGAN CHASE, N.A.",b'417',b'JP MORGAN',b'J.P. Morgan'
5,0.982970815,J.P. Morgan,441,"JPMORGAN CHASE, N.A..",b'417',b'JP MORGAN',b'J.P. Morgan'
6,0.992107719,HSBC,331,HSBC BANK NA USA,b'331',b'HSBC BANK USA NA',b'HSBC'
6,0.995109826,HSBC,336,HSBC BANK USA NA,b'331',b'HSBC BANK USA NA',b'HSBC'
6,0.994514167,HSBC,339,"HSBC BANK USA, NA",b'331',b'HSBC BANK USA NA',b'HSBC'
7,0.998385906,Texas Capital Bank,653,TEXAS CAPITAL BANK,b'653',b'TEXAS CAPITAL BANK',b'Texas Capital Bank'
7,0.997732997,Texas Capital Bank,654,TEXAS CAPITAL BANK N.A.,b'653',b'TEXAS CAPITAL BANK',b'Texas Capital Bank'
7,0.998097161,Texas Capital Bank,655,"TEXAS CAPITAL BANK, N.A.",b'653',b'TEXAS CAPITAL BANK',b'Texas Capital Bank'
7,0.997799416,Texas Capital Bank,656,"TEXAS CAPITAL BANK, NA",b'653',b'TEXAS CAPITAL BANK',b'Texas Capital Bank'
8,0.983401826,Fidelity Investments,286,FIDELITY BROKERAGE SERVICES LLC,b'286',"b'FIDELITY INVESTMENT SERVICES, INC.'",b'Fidelity Investments'
8,0.981367213,Fidelity Investments,287,FIDELITY CAPITAL MARKETS,b'286',"b'FIDELITY INVESTMENT SERVICES, INC.'",b'Fidelity Investments'
8,0.982490463,Fidelity Investments,288,FIDELITY FAMILY OFFICE SERVICES,b'286',"b'FIDELITY INVESTMENT SERVICES, INC.'",b'Fidelity Investments'
8,0.989800419,Fidelity Investments,289,"FIDELITY INVESTMENT SERVICES, INC.",b'286',"b'FIDELITY INVESTMENT SERVICES, INC.'",b'Fidelity Investments'
8,0.985914886,Fidelity Investments,290,"FIDELITY INVESTMENTS (THE BANK OF NEW YORK, MELLON)",b'286',"b'FIDELITY INVESTMENT SERVICES, INC.'",b'Fidelity Investments'
8,0.989070049,Fidelity Investments,291,"FIDELITY INVESTMENTS INSTITUTIONAL SERVICES COMPANY, INC.",b'286',"b'FIDELITY INVESTMENT SERVICES, INC.'",b'Fidelity Investments'
8,0.982834033,Fidelity Investments,292,"FIDELITY INVESTMENTS, INC.",b'286',"b'FIDELITY INVESTMENT SERVICES, INC.'",b'Fidelity Investments'
8,0.987982043,Fidelity Investments,293,FIDELITY PRIME SERVICES,b'286',"b'FIDELITY INVESTMENT SERVICES, INC.'",b'Fidelity Investments'
9,0.987609,Kleinwort Benson,446,KLEINWORT BENSON (CHANNEL ISLANDS) LTD,b'446',b'KLEINWORT BENSON (CHANNEL ISLANDS) LTD',b'Kleinwort Benson'
9,0.987609,Kleinwort Benson,447,KLEINWORT BENSON (GUERNSEY) LIMITED,b'446',b'KLEINWORT BENSON (CHANNEL ISLANDS) LTD',b'Kleinwort Benson'
10,0.995315,ABN AMRO Bank,1,ABN AMRO BANK,b'1',b'ABN AMRO BANK',b'ABN AMRO Bank'
10,0.995315,ABN AMRO Bank,2,ABN AMRO CLEARING CHICAGO LLC,b'1',b'ABN AMRO BANK',b'ABN AMRO Bank'
11,0.992302199,Charles Schwab & Co.,149,CHARLES SCHWAB,b'151',"b'CHARLES SCHWAB & CO., INC.'",b'Charles Schwab & Co.'
11,0.994741937,Charles Schwab & Co.,150,CHARLES SCHWAB & CO.,b'151',"b'CHARLES SCHWAB & CO., INC.'",b'Charles Schwab & Co.'
11,0.995875617,Charles Schwab & Co.,151,"CHARLES SCHWAB & CO., INC.",b'151',"b'CHARLES SCHWAB & CO., INC.'",b'Charles Schwab & Co.'
11,0.986254275,Charles Schwab & Co.,591,SCHWAB,b'151',"b'CHARLES SCHWAB & CO., INC.'",b'Charles Schwab & Co.'
12,0.998236,HSBC,341,HSBC INSTITUTIONAL TRUST SERVICE (IRELAND) LIMITED,b'341',b'HSBC INSTITUTIONAL TRUST SERVICE (IRELAND) LIMITED',b'HSBC'
12,0.998236,HSBC,343,HSBC INSTITUTIONAL TRUST SERVICES (IRELAND) LIMITED,b'341',b'HSBC INSTITUTIONAL TRUST SERVICE (IRELAND) LIMITED',b'HSBC'
13,0.99146761,MUFG Union Bank,525,MUFG ALTERNATIVE FUND SERVICES (CAYMAN) LIMITED,b'525',b'MUFG ALTERNATIVE FUND SERVICES (CAYMAN) LIMITED',b'MUFG Union Bank'
13,0.990218803,MUFG Union Bank,526,MUFG ALTERNATIVE FUND SERVICES (CAYMAN) LTD,b'525',b'MUFG ALTERNATIVE FUND SERVICES (CAYMAN) LIMITED',b'MUFG Union Bank'
13,0.991116785,MUFG Union Bank,527,MUFG ALTERNATIVE FUND SERVICES (CAYMAN) LTD.,b'525',b'MUFG ALTERNATIVE FUND SERVICES (CAYMAN) LIMITED',b'MUFG Union Bank'
13,0.987625681,MUFG Union Bank,528,MUFG FUND SERVICES (CAYMAN) LIMITED,b'525',b'MUFG ALTERNATIVE FUND SERVICES (CAYMAN) LIMITED',b'MUFG Union Bank'
13,0.988124318,MUFG Union Bank,529,MUFG FUND SERVICES (CAYMAN) LTD.,b'525',b'MUFG ALTERNATIVE FUND SERVICES (CAYMAN) LIMITED',b'MUFG Union Bank'
13,0.977769867,MUFG Union Bank,530,MUFG INVESTOR SERVICES,b'525',b'MUFG ALTERNATIVE FUND SERVICES (CAYMAN) LIMITED',b'MUFG Union Bank'
13,0.99005346,MUFG Union Bank,531,MUFG UNION BANK,b'525',b'MUFG ALTERNATIVE FUND SERVICES (CAYMAN) LIMITED',b'MUFG Union Bank'
13,0.981673017,MUFG Union Bank,532,MUFG UNION BANK N.A.,b'525',b'MUFG ALTERNATIVE FUND SERVICES (CAYMAN) LIMITED',b'MUFG Union Bank'
13,0.9802716,MUFG Union Bank,533,"MUFG UNION BANK, N.A.",b'525',b'MUFG ALTERNATIVE FUND SERVICES (CAYMAN) LIMITED',b'MUFG Union Bank'
14,0.960661,Trinidad and Tobago Central Depository,145,CENTRAL DEPOSITORY OF TRINIDAD & TOBAGO LTD,b'145',b'CENTRAL DEPOSITORY OF TRINIDAD & TOBAGO LTD',b'Trinidad and Tobago Central Depository'
14,0.960661,Trinidad and Tobago Central Depository,682,TRINIDAD & TOBAGO CENTRAL DEPOSITORY,b'145',b'CENTRAL DEPOSITORY OF TRINIDAD & TOBAGO LTD',b'Trinidad and Tobago Central Depository'
15,0.993242,Daiwa Capital Markets America,238,DAIWA CAPITAL MARKETS AMERICA INC.,b'238',b'DAIWA CAPITAL MARKETS AMERICA INC.',b'Daiwa Capital Markets America'
15,0.993242,Daiwa Capital Markets America,239,DAIWA CAPITAL MARKETS EUROPE LTD,b'238',b'DAIWA CAPITAL MARKETS AMERICA INC.',b'Daiwa Capital Markets America'
16,0.99489,Industrial and Commercial Bank of China Financial Services,357,INDUSTRIAL AND COMMERCIAL BANK OF CHINA FINANCIAL SERVICES LLC,b'357',b'INDUSTRIAL AND COMMERCIAL BANK OF CHINA FINANCIAL SERVICES LLC',b'Industrial and Commercial Bank of China Financial Services'
16,0.99489,Industrial and Commercial Bank of China Financial Services,358,INDUSTRIAL BANK OF CHINA,b'357',b'INDUSTRIAL AND COMMERCIAL BANK OF CHINA FINANCIAL SERVICES LLC',b'Industrial and Commercial Bank of China Financial Services'
17,0.995626,Bull & Bear,129,BULL & BEAR,b'129',b'BULL & BEAR',b'Bull & Bear'
17,0.995626,Bull & Bear,130,BULL AND BEAR AD PODGORICA,b'129',b'BULL & BEAR',b'Bull & Bear'
18,0.997754,Banco Itau,19,BANCO ITAU S.A.,b'19',b'BANCO ITAU S.A.',b'Banco Itau'
18,0.997754,Banco Itau,20,BANCO ITAU S/A,b'19',b'BANCO ITAU S.A.',b'Banco Itau'
19,0.989884875,BMO Harris Bank,75,BMO HARRIS,b'82',b'BMO HARRIS BANK N.A.',b'BMO Harris Bank'
19,0.994620349,BMO Harris Bank,76,BMO HARRIS BANK,b'82',b'BMO HARRIS BANK N.A.',b'BMO Harris Bank'
19,0.996341607,BMO Harris Bank,77,BMO HARRIS BANK N. A.,b'82',b'BMO HARRIS BANK N.A.',b'BMO Harris Bank'
19,0.99596425,BMO Harris Bank,78,BMO HARRIS BANK N.A,b'82',b'BMO HARRIS BANK N.A.',b'BMO Harris Bank'
19,0.996541309,BMO Harris Bank,79,BMO HARRIS BANK N.A.,b'82',b'BMO HARRIS BANK N.A.',b'BMO Harris Bank'
19,0.995276707,BMO Harris Bank,80,BMO HARRIS BANK NA,b'82',b'BMO HARRIS BANK N.A.',b'BMO Harris Bank'
19,0.995873315,BMO Harris Bank,81,BMO HARRIS BANK NA.,b'82',b'BMO HARRIS BANK N.A.',b'BMO Harris Bank'
19,0.995561357,BMO Harris Bank,82,"BMO HARRIS BANK, N.A",b'82',b'BMO HARRIS BANK N.A.',b'BMO Harris Bank'
19,0.996437873,BMO Harris Bank,83,"BMO HARRIS BANK, N.A.",b'82',b'BMO HARRIS BANK N.A.',b'BMO Harris Bank'
19,0.994720174,BMO Harris Bank,84,"BMO HARRIS BANK, NA",b'82',b'BMO HARRIS BANK N.A.',b'BMO Harris Bank'
19,0.994302686,BMO Harris Bank,85,"BMO HARRIS FINANCIAL ADVISORS, INC.",b'82',b'BMO HARRIS BANK N.A.',b'BMO Harris Bank'
19,0.992128032,BMO Harris Bank,86,"BMO HARRIS, N.A.",b'82',b'BMO HARRIS BANK N.A.',b'BMO Harris Bank'
19,0.989696,BMO Harris Bank,322,HARRIS BANK N.A.,b'82',b'BMO HARRIS BANK N.A.',b'BMO Harris Bank'
19,0.988204479,BMO Harris Bank,323,HARRIS N.A.,b'82',b'BMO HARRIS BANK N.A.',b'BMO Harris Bank'
19,0.990844671,BMO Harris Bank,324,HARRIS NA,b'82',b'BMO HARRIS BANK N.A.',b'BMO Harris Bank'
20,0.992577815,U.S. Bank National Association,688,U.S. BANK N.A.,b'694',"b'U.S. BANK, NATIONAL ASSOCIATION'",b'U.S. Bank National Association'
20,0.995728022,U.S. Bank National Association,689,U.S. BANK NATIONAL ASSOCIATION,b'694',"b'U.S. BANK, NATIONAL ASSOCIATION'",b'U.S. Bank National Association'
20,0.993218911,U.S. Bank National Association,690,U.S. BANK NATIONAL BANK,b'694',"b'U.S. BANK, NATIONAL ASSOCIATION'",b'U.S. Bank National Association'
20,0.991772377,U.S. Bank National Association,691,"U.S. BANK, N.A.",b'694',"b'U.S. BANK, NATIONAL ASSOCIATION'",b'U.S. Bank National Association'
20,0.991068107,U.S. Bank National Association,692,"U.S. BANK, NA",b'694',"b'U.S. BANK, NATIONAL ASSOCIATION'",b'U.S. Bank National Association'
20,0.995901382,U.S. Bank National Association,694,"U.S. BANK, NATIONAL ASSOCIATION",b'694',"b'U.S. BANK, NATIONAL ASSOCIATION'",b'U.S. Bank National Association'
20,0.990660143,U.S. Bank National Association,713,US BANK N.A.,b'694',"b'U.S. BANK, NATIONAL ASSOCIATION'",b'U.S. Bank National Association'
20,0.994677311,U.S. Bank National Association,714,US BANK NA,b'694',"b'U.S. BANK, NATIONAL ASSOCIATION'",b'U.S. Bank National Association'
20,0.992544389,U.S. Bank National Association,715,US BANK NATIONAL ASSOCIATION,b'694',"b'U.S. BANK, NATIONAL ASSOCIATION'",b'U.S. Bank National Association'
20,0.994185966,U.S. Bank National Association,716,"US BANK, NA",b'694',"b'U.S. BANK, NATIONAL ASSOCIATION'",b'U.S. Bank National Association'
20,0.993477368,U.S. Bank National Association,717,"US BANK, NATIONAL ASSOCIATION",b'694',"b'U.S. BANK, NATIONAL ASSOCIATION'",b'U.S. Bank National Association'
21,0.995787,City National Bank,204,CITY NATIONAL BANK,b'204',b'CITY NATIONAL BANK',b'City National Bank'
21,0.995787,City National Bank,205,CITY NATIONAL CORPORATION,b'204',b'CITY NATIONAL BANK',b'City National Bank'
22,0.998265624,First Republic Bank,295,FIRST REPUBLIC,b'295',b'FIRST REPUBLIC',b'First Republic Bank'
22,0.997318864,First Republic Bank,296,FIRST REPUBLIC BANK,b'295',b'FIRST REPUBLIC',b'First Republic Bank'
22,0.994912729,First Republic Bank,297,"FIRST REPUBLIC BANK, N.A.",b'295',b'FIRST REPUBLIC',b'First Republic Bank'
22,0.995134711,First Republic Bank,298,"FIRST REPUBLIC SECURITIES COMPANY, LLC",b'295',b'FIRST REPUBLIC',b'First Republic Bank'
22,0.994933233,First Republic Bank,299,FIRST REPUBLIC TRUST COMPANY,b'295',b'FIRST REPUBLIC',b'First Republic Bank'
23,0.987507917,Citco Global Custody,155,CITCO BANK (CANADA),b'165',b'CITCO BANK CANADA',b'Citco Global Custody'
23,0.981155617,Citco Global Custody,156,CITCO BANK AND TRUST (BAHAMAS) LIMITED,b'165',b'CITCO BANK CANADA',b'Citco Global Custody'
23,0.984488025,Citco Global Custody,157,CITCO BANK AND TRUST COMPANY (BAHAMAS) LIMITED,b'165',b'CITCO BANK CANADA',b'Citco Global Custody'
23,0.979997658,Citco Global Custody,158,CITCO BANK AND TRUST COMPANY LIMITED,b'165',b'CITCO BANK CANADA',b'Citco Global Custody'
23,0.991145923,Citco Global Custody,159,CITCO BANK CANADA,b'165',b'CITCO BANK CANADA',b'Citco Global Custody'
23,0.984511631,Citco Global Custody,160,"CITCO BANK CANADA, INC",b'165',b'CITCO BANK CANADA',b'Citco Global Custody'
23,0.983781065,Citco Global Custody,161,CITCO BANK NEDERLAND N.V.,b'165',b'CITCO BANK CANADA',b'Citco Global Custody'
23,0.980870111,Citco Global Custody,162,CITCO BANK NEDERLAND N.V. LUXEMBOURG BRANCH,b'165',b'CITCO BANK CANADA',b'Citco Global Custody'
23,0.984465341,Citco Global Custody,163,CITCO BANK NEDERLAND VC,b'165',b'CITCO BANK CANADA',b'Citco Global Custody'
23,0.98671077,Citco Global Custody,164,CITCO BANK OF CANADA,b'165',b'CITCO BANK CANADA',b'Citco Global Custody'
23,0.988808833,Citco Global Custody,165,CITCO BANK TORONTO,b'165',b'CITCO BANK CANADA',b'Citco Global Custody'
23,0.978349725,Citco Global Custody,166,CITCO BANKING CORPORATION (CURACAO),b'165',b'CITCO BANK CANADA',b'Citco Global Custody'
23,0.981275746,Citco Global Custody,167,CITCO BANKING CORPORATION N.V.,b'165',b'CITCO BANK CANADA',b'Citco Global Custody'
23,0.981613352,Citco Global Custody,168,CITCO BANKING CORPORATION N.V. (CURACAO),b'165',b'CITCO BANK CANADA',b'Citco Global Custody'
23,0.980921271,Citco Global Custody,169,CITCO BANKING CORPORATION NV,b'165',b'CITCO BANK CANADA',b'Citco Global Custody'
23,0.978757889,Citco Global Custody,170,"CITCO BANKING CORPORATION, NA, NV",b'165',b'CITCO BANK CANADA',b'Citco Global Custody'
23,0.973139053,Citco Global Custody,171,CITCO CUSTODY LIMITED,b'165',b'CITCO BANK CANADA',b'Citco Global Custody'
23,0.976977414,Citco Global Custody,172,CITCO FUND BANK NEDERLAND,b'165',b'CITCO BANK CANADA',b'Citco Global Custody'
23,0.969729917,Citco Global Custody,173,CITCO FUND SERVICES (MALTA) LIMITED,b'165',b'CITCO BANK CANADA',b'Citco Global Custody'
23,0.967883573,Citco Global Custody,174,CITCO GLOBAL CUSTODY (N.A.) N.V.,b'165',b'CITCO BANK CANADA',b'Citco Global Custody'
23,0.971358716,Citco Global Custody,175,CITCO GLOBAL CUSTODY NV NA,b'165',b'CITCO BANK CANADA',b'Citco Global Custody'
23,0.970134588,Citco Global Custody,176,CITCO SECURITIES INC.,b'165',b'CITCO BANK CANADA',b'Citco Global Custody'
24,0.998213,INTL FCStone,372,INTL FCSTONE,b'372',b'INTL FCSTONE',b'INTL FCStone'
24,0.998213,INTL FCStone,373,INTL FCSTONE FINANCIAL INC.,b'372',b'INTL FCSTONE',b'INTL FCStone'
25,0.997393,American Stock Transfer & Trust Company,9,"AMERICAN STOCK TRANSFER & TRUST CO., LLC",b'9',"b'AMERICAN STOCK TRANSFER & TRUST CO., LLC'",b'American Stock Transfer & Trust Company'
25,0.997393,American Stock Transfer & Trust Company,10,"AMERICAN STOCK TRANSFER & TRUST COMPANY, LLC",b'9',"b'AMERICAN STOCK TRANSFER & TRUST CO., LLC'",b'American Stock Transfer & Trust Company'
26,0.994065821,ING Bank,359,ING BANK,b'360',b'ING BANK',b'ING Bank'
26,0.981104791,ING Bank,360,ING BANK N.V.,b'360',b'ING BANK',b'ING Bank'
26,0.986985922,ING Bank,361,ING LUXEMBOURG S.A.,b'360',b'ING BANK',b'ING Bank'
26,0.987812042,ING Bank,362,"ING LUXEMBOURG, S.A.",b'360',b'ING BANK',b'ING Bank'
27,0.983495318,BNY Mellon,45,BANK OF NEW YORK,b'46',b'BNY MELLON',b'BNY Mellon'
27,0.980377484,BNY Mellon,46,BANK OF NEW YORK MELLON,b'46',b'BNY MELLON',b'BNY Mellon'
27,0.974673005,BNY Mellon,47,BANK OF NEW YORK MELLON (DOMESTIC),b'46',b'BNY MELLON',b'BNY Mellon'
27,0.974836402,BNY Mellon,48,BANK OF NEW YORK MELLON CORPORATION,b'46',b'BNY MELLON',b'BNY Mellon'
27,0.975603762,BNY Mellon,49,BANK OF NEW YORK MELLON SA/NV,b'46',b'BNY MELLON',b'BNY Mellon'
27,0.97870357,BNY Mellon,50,BANK OF NEW YORK MELLON TRUST COMPANY,b'46',b'BNY MELLON',b'BNY Mellon'
27,0.974095005,BNY Mellon,51,"BANK OF NEW YORK MELLON, N.A.",b'46',b'BNY MELLON',b'BNY Mellon'
27,0.98912516,BNY Mellon,52,"BANK OF NEW YORK MELLON, THROUGH ITS AGENT AND SUBSIDIARY CHARLES FREDERIC & CO.",b'46',b'BNY MELLON',b'BNY Mellon'
27,0.991358182,BNY Mellon,105,BNY MELLON,b'46',b'BNY MELLON',b'BNY Mellon'
27,0.94611021,BNY Mellon,106,BNY MELLON ALTERNATIVE INVESTMENT SERVICES,b'46',b'BNY MELLON',b'BNY Mellon'
27,0.958441849,BNY Mellon,107,BNY MELLON ASSET SERVICING,b'46',b'BNY MELLON',b'BNY Mellon'
27,0.953097394,BNY Mellon,108,BNY MELLON CAPITAL MARKETS LLC,b'46',b'BNY MELLON',b'BNY Mellon'
27,0.951599316,BNY Mellon,109,"BNY MELLON CAPITAL MARKETS, LLC",b'46',b'BNY MELLON',b'BNY Mellon'
27,0.949386404,BNY Mellon,110,BNY MELLON INVESTMENT SERVICING (US) INC.,b'46',b'BNY MELLON',b'BNY Mellon'
27,0.987158255,BNY Mellon,111,BNY MELLON NA,b'46',b'BNY MELLON',b'BNY Mellon'
27,0.949306234,BNY Mellon,112,BNY MELLON TRUST & DEPOSITARY (UK) LIMITED,b'46',b'BNY MELLON',b'BNY Mellon'
27,0.957305697,BNY Mellon,113,BNY MELLON TRUST COMPANY (IRELAND) LIMITED,b'46',b'BNY MELLON',b'BNY Mellon'
27,0.983769213,BNY Mellon,114,"BNY MELLON, NA",b'46',b'BNY MELLON',b'BNY Mellon'
27,0.981018241,BNY Mellon,657,THE BANK OF NEW YORK,b'46',b'BNY MELLON',b'BNY Mellon'
27,0.974547329,BNY Mellon,658,THE BANK OF NEW YORK MELLON,b'46',b'BNY MELLON',b'BNY Mellon'
27,0.974001146,BNY Mellon,659,THE BANK OF NEW YORK MELLON (AIS PRIME CUSTODY),b'46',b'BNY MELLON',b'BNY Mellon'
27,0.96993086,BNY Mellon,660,THE BANK OF NEW YORK MELLON (LONDON BRANCH),b'46',b'BNY MELLON',b'BNY Mellon'
27,0.969676093,BNY Mellon,661,THE BANK OF NEW YORK MELLON CORPORATION,b'46',b'BNY MELLON',b'BNY Mellon'
27,0.974893013,BNY Mellon,662,"THE BANK OF NEW YORK MELLON SA/NV, LONDON BRANCH",b'46',b'BNY MELLON',b'BNY Mellon'
27,0.978972687,BNY Mellon,663,"THE BANK OF NEW YORK MELLON TRUST COMPANY, N.A.",b'46',b'BNY MELLON',b'BNY Mellon'
27,0.986586264,BNY Mellon,664,"THE BANK OF NEW YORK MELLON TRUST COMPANY, NATIONAL ASSOCIATION",b'46',b'BNY MELLON',b'BNY Mellon'
27,0.968679311,BNY Mellon,665,"THE BANK OF NEW YORK TRUST COMPANY, N.A.",b'46',b'BNY MELLON',b'BNY Mellon'
28,0.998265465,TD Ameritrade,644,TD AMERITRADE,b'644',b'TD AMERITRADE',b'TD Ameritrade'
28,0.992823601,TD Ameritrade,645,"TD AMERITRADE CLEARING, INC.",b'644',b'TD AMERITRADE',b'TD Ameritrade'
28,0.992583394,TD Ameritrade,646,TD AMERITRADE INSTITUTIONAL,b'644',b'TD AMERITRADE',b'TD Ameritrade'
28,0.996256948,TD Ameritrade,647,"TD AMERITRADE, INC.",b'644',b'TD AMERITRADE',b'TD Ameritrade'
29,0.998261,Boston Private Bank & Trust Company,116,BOSTON PRIVATE,b'116',b'BOSTON PRIVATE',b'Boston Private Bank & Trust Company'
29,0.998261,Boston Private Bank & Trust Company,117,BOSTON PRIVATE BANK & TRUST,b'116',b'BOSTON PRIVATE',b'Boston Private Bank & Trust Company'
30,0.998415142,Rosenthal Collins Group,583,ROSENTHAL COLLINS GROUP,b'583',b'ROSENTHAL COLLINS GROUP',b'Rosenthal Collins Group'
30,0.998196691,Rosenthal Collins Group,584,ROSENTHAL COLLINS GROUP LLC,b'583',b'ROSENTHAL COLLINS GROUP',b'Rosenthal Collins Group'
30,0.998191655,Rosenthal Collins Group,585,"ROSENTHAL COLLINS GROUP, LLC",b'583',b'ROSENTHAL COLLINS GROUP',b'Rosenthal Collins Group'
31,0.997837812,The Private Bank,677,THE PRIVATE BANK,b'677',b'THE PRIVATE BANK AND TRUST COMPANY',b'The Private Bank'
31,0.997879207,The Private Bank,678,THE PRIVATE BANK AND TRUST COMPANY,b'677',b'THE PRIVATE BANK AND TRUST COMPANY',b'The Private Bank'
31,0.997474879,The Private Bank,679,THE PRIVATEBANK,b'677',b'THE PRIVATE BANK AND TRUST COMPANY',b'The Private Bank'
32,0.997651294,Millennium Trust Company,474,MILLENIUM TRUST,b'474',b'MILLENNIUM TRUST COMPANY',b'Millennium Trust Company'
32,0.997638941,Millennium Trust Company,475,MILLENIUM TRUST COMPANY,b'474',b'MILLENNIUM TRUST COMPANY',b'Millennium Trust Company'
32,0.9976677,Millennium Trust Company,476,MILLENNIUM TRUST CO,b'474',b'MILLENNIUM TRUST COMPANY',b'Millennium Trust Company'
32,0.998028591,Millennium Trust Company,477,MILLENNIUM TRUST COMPANY,b'474',b'MILLENNIUM TRUST COMPANY',b'Millennium Trust Company'
32,0.998012871,Millennium Trust Company,478,MILLENNIUM TRUST COMPANY LLC,b'474',b'MILLENNIUM TRUST COMPANY',b'Millennium Trust Company'
33,0.99792406,Altree Custody Services,6,ALTREE CUSTODY SERVICE LTD,b'6',b'ALTREE CUSTODY SERVICES LTD',b'Altree Custody Services'
33,0.998205155,Altree Custody Services,7,ALTREE CUSTODY SERVICES LTD,b'6',b'ALTREE CUSTODY SERVICES LTD',b'Altree Custody Services'
33,0.998179495,Altree Custody Services,8,ALTREE CUSTODY SERVICES LTD.,b'6',b'ALTREE CUSTODY SERVICES LTD',b'Altree Custody Services'
34,0.997973,UBS,703,UBS FINANCIAL SERVICES INC.,b'703',b'UBS FINANCIAL SERVICES INC.',b'UBS'
34,0.997973,UBS,704,"UBS FINANCIAL SERVICES, INC.",b'703',b'UBS FINANCIAL SERVICES INC.',b'UBS'
35,0.997813,Credit Agricole Corporate and Investment Bank,217,CREDIT AGRICOLE CORPORATE & INVESTMENT BANK,b'217',b'CREDIT AGRICOLE CORPORATE & INVESTMENT BANK',b'Credit Agricole Corporate and Investment Bank'
35,0.997813,Credit Agricole Corporate and Investment Bank,218,CREDIT AGRICOLE CORPORATE AND INVESTMENT BANK,b'217',b'CREDIT AGRICOLE CORPORATE & INVESTMENT BANK',b'Credit Agricole Corporate and Investment Bank'
36,0.997679293,Northbrook Bank & Trust,541,NORTHBROOK BANK & TRUST,b'541',b'NORTHBROOK BANK & TRUST',b'Northbrook Bank & Trust'
36,0.996702999,Northbrook Bank & Trust,542,NORTHBROOK BANK & TRUST COMPANY,b'541',b'NORTHBROOK BANK & TRUST',b'Northbrook Bank & Trust'
36,0.995121792,Northbrook Bank & Trust,543,"NORTHBROOK BANK & TRUST, WINTRUST FUNDS GROUP",b'541',b'NORTHBROOK BANK & TRUST',b'Northbrook Bank & Trust'
36,0.996832818,Northbrook Bank & Trust,544,NORTHBROOK BANK AND TRUST,b'541',b'NORTHBROOK BANK & TRUST',b'Northbrook Bank & Trust'
36,0.995910481,Northbrook Bank & Trust,545,NORTHBROOK BANK AND TRUST COMPANY,b'541',b'NORTHBROOK BANK & TRUST',b'Northbrook Bank & Trust'
37,0.989392,Hudson & Cie,353,HUDSON & CEI,b'353',b'HUDSON & CEI',b'Hudson & Cie'
37,0.989392,Hudson & Cie,599,SGI HUDSON & CIE,b'353',b'HUDSON & CEI',b'Hudson & Cie'
38,0.997486,U.S. Bank Institutional Trust & Custody,687,U.S. BANK INSTITUTIONAL TRUST & CUSTODY,b'687',b'U.S. BANK INSTITUTIONAL TRUST & CUSTODY',b'U.S. Bank Institutional Trust & Custody'
38,0.997486,U.S. Bank Institutional Trust & Custody,693,"U.S. BANK, NA, INSTITUTIONAL TRUST & CUSTODY",b'687',b'U.S. BANK INSTITUTIONAL TRUST & CUSTODY',b'U.S. Bank Institutional Trust & Custody'
39,0.99728,Colorado State Bank and Trust,207,COLORADO STATE BANK & TRUST,b'207',b'COLORADO STATE BANK & TRUST',b'Colorado State Bank and Trust'
39,0.99728,Colorado State Bank and Trust,208,COLORADO STATE BANK AND TRUST,b'207',b'COLORADO STATE BANK & TRUST',b'Colorado State Bank and Trust'
40,0.997128,Royal Bank of Scotland,586,ROYAL BANK OF SCOTLAND PLC,b'586',b'ROYAL BANK OF SCOTLAND PLC',b'Royal Bank of Scotland'
40,0.997128,Royal Bank of Scotland,681,THE ROYAL BANK OF SCOTLAND PLC,b'586',b'ROYAL BANK OF SCOTLAND PLC',b'Royal Bank of Scotland'
41,0.998235077,TD Bank,648,TD BANK,b'648',b'TD BANK',b'TD Bank'
41,0.997865707,TD Bank,649,"TD BANK, N.A.",b'648',b'TD BANK',b'TD Bank'
41,0.997885644,TD Bank,650,"TD BANK, NA",b'648',b'TD BANK',b'TD Bank'
42,0.997649,Citizens Bank,202,CITIZENS BANK N.A.,b'202',b'CITIZENS BANK N.A.',b'Citizens Bank'
42,0.997649,Citizens Bank,203,"CITIZENS BANK, N.A.",b'202',b'CITIZENS BANK N.A.',b'Citizens Bank'
43,0.99500831,Capital One Bank,140,CAPITAL ONE BANK,b'140',b'CAPITAL ONE BANK WEALTH AND ASSET MANAGEMENT',b'Capital One Bank'
43,0.996589482,Capital One Bank,141,CAPITAL ONE BANK WEALTH AND ASSET MANAGEMENT,b'140',b'CAPITAL ONE BANK WEALTH AND ASSET MANAGEMENT',b'Capital One Bank'
43,0.995199402,Capital One Bank,142,"CAPITAL ONE, N.A.",b'140',b'CAPITAL ONE BANK WEALTH AND ASSET MANAGEMENT',b'Capital One Bank'
43,0.99615552,Capital One Bank,143,"CAPITAL ONE, NA",b'140',b'CAPITAL ONE BANK WEALTH AND ASSET MANAGEMENT',b'Capital One Bank'
44,0.913249321,Deutsche Bank,240,DB ALTERNATIVE FUND SERVICES,b'250',b'DEUTSCHE BANK',b'Deutsche Bank'
44,0.938630195,Deutsche Bank,241,DB FUND SERVICES LLC,b'250',b'DEUTSCHE BANK',b'Deutsche Bank'
44,0.993476731,Deutsche Bank,245,DEUTCHE BANK AG,b'250',b'DEUTSCHE BANK',b'Deutsche Bank'
44,0.96798584,Deutsche Bank,246,DEUTSCHE ASSET & WEALTH MANAGEMENT,b'250',b'DEUTSCHE BANK',b'Deutsche Bank'
44,0.995180863,Deutsche Bank,247,DEUTSCHE BANK,b'250',b'DEUTSCHE BANK',b'Deutsche Bank'
44,0.982575858,Deutsche Bank,248,DEUTSCHE BANK ( CAYMAN) LTD.,b'250',b'DEUTSCHE BANK',b'Deutsche Bank'
44,0.982019665,Deutsche Bank,249,DEUTSCHE BANK (CAYMAN) LIMITED,b'250',b'DEUTSCHE BANK',b'Deutsche Bank'
44,0.98396959,Deutsche Bank,250,DEUTSCHE BANK (CAYMAN) LTD,b'250',b'DEUTSCHE BANK',b'Deutsche Bank'
44,0.983045022,Deutsche Bank,251,DEUTSCHE BANK (CAYMAN) LTD.,b'250',b'DEUTSCHE BANK',b'Deutsche Bank'
44,0.981864982,Deutsche Bank,252,DEUTSCHE BANK (MAURITIUS) LIMITED,b'250',b'DEUTSCHE BANK',b'Deutsche Bank'
44,0.982410459,Deutsche Bank,253,DEUTSCHE BANK (MAURITIUS) LTD.,b'250',b'DEUTSCHE BANK',b'Deutsche Bank'
44,0.990498197,Deutsche Bank,254,DEUTSCHE BANK A.G.,b'250',b'DEUTSCHE BANK',b'Deutsche Bank'
44,0.993001217,Deutsche Bank,255,DEUTSCHE BANK AG,b'250',b'DEUTSCHE BANK',b'Deutsche Bank'
44,0.992126628,Deutsche Bank,256,DEUTSCHE BANK- AG,b'250',b'DEUTSCHE BANK',b'Deutsche Bank'
44,0.983325983,Deutsche Bank,257,DEUTSCHE BANK AG - LONDON BRANCH,b'250',b'DEUTSCHE BANK',b'Deutsche Bank'
44,0.983743652,Deutsche Bank,258,DEUTSCHE BANK AG - NEW YORK BRANCH,b'250',b'DEUTSCHE BANK',b'Deutsche Bank'
44,0.985566455,Deutsche Bank,259,DEUTSCHE BANK AG (MUMBAI),b'250',b'DEUTSCHE BANK',b'Deutsche Bank'
44,0.984180165,Deutsche Bank,260,DEUTSCHE BANK AG NEW YORK BRANCH,b'250',b'DEUTSCHE BANK',b'Deutsche Bank'
44,0.983806184,Deutsche Bank,261,DEUTSCHE BANK AG SINGAPORE BRANCH,b'250',b'DEUTSCHE BANK',b'Deutsche Bank'
44,0.983189758,Deutsche Bank,262,"DEUTSCHE BANK AG, DUBLIN BRANCH",b'250',b'DEUTSCHE BANK',b'Deutsche Bank'
44,0.984181839,Deutsche Bank,263,"DEUTSCHE BANK AG, LONDON BRANCH",b'250',b'DEUTSCHE BANK',b'Deutsche Bank'
44,0.983262923,Deutsche Bank,264,"DEUTSCHE BANK AG, NEW YORK BRANCH",b'250',b'DEUTSCHE BANK',b'Deutsche Bank'
44,0.984305101,Deutsche Bank,265,"DEUTSCHE BANK AG, SINGAPORE BRANCH",b'250',b'DEUTSCHE BANK',b'Deutsche Bank'
44,0.983531726,Deutsche Bank,266,DEUTSCHE BANK NATIONAL TRUST COMPANY,b'250',b'DEUTSCHE BANK',b'Deutsche Bank'
44,0.984979651,Deutsche Bank,267,DEUTSCHE BANK PRIVATE WEALTH MANAGEMENT,b'250',b'DEUTSCHE BANK',b'Deutsche Bank'
44,0.983103572,Deutsche Bank,268,DEUTSCHE BANK S.A BANCO ALEMAO,b'250',b'DEUTSCHE BANK',b'Deutsche Bank'
44,0.984648378,Deutsche Bank,269,DEUTSCHE BANK SECURITIES INC.,b'250',b'DEUTSCHE BANK',b'Deutsche Bank'
44,0.983947694,Deutsche Bank,270,"DEUTSCHE BANK SECURITIES, INC.",b'250',b'DEUTSCHE BANK',b'Deutsche Bank'
44,0.982381333,Deutsche Bank,271,DEUTSCHE BANK TRUST CO. AMERICAS,b'250',b'DEUTSCHE BANK',b'Deutsche Bank'
44,0.984342111,Deutsche Bank,272,DEUTSCHE BANK TRUST COMPANY AMERICAS,b'250',b'DEUTSCHE BANK',b'Deutsche Bank'
44,0.983432037,Deutsche Bank,273,DEUTSCHE BANK TRUST COMPANY AMERICA,b'250',b'DEUTSCHE BANK',b'Deutsche Bank'
44,0.983434223,Deutsche Bank,274,DEUTSCHE BANK TRUST COMPANY DELAWARE,b'250',b'DEUTSCHE BANK',b'Deutsche Bank'
44,0.992100295,Deutsche Bank,275,"DEUTSCHE BANK, AG",b'250',b'DEUTSCHE BANK',b'Deutsche Bank'
44,0.992492727,Deutsche Bank,276,DEUTSCHE BANK-AG,b'250',b'DEUTSCHE BANK',b'Deutsche Bank'
44,0.977887126,Deutsche Bank,277,DEUTSCHE SECURITIES KOREA,b'250',b'DEUTSCHE BANK',b'Deutsche Bank'
45,0.996012,Signature Bank,601,SIGNATURE BANK,b'601',b'SIGNATURE BANK',b'Signature Bank'
45,0.996012,Signature Bank,602,SIGNATURE SECURITIES GROUP CORPORATION,b'601',b'SIGNATURE BANK',b'Signature Bank'
46,0.997265399,PNC,573,PNC BANK NA,b'573',b'PNC BANK NA',b'PNC'
46,0.996902406,PNC,575,"PNC BANK, NA",b'573',b'PNC BANK NA',b'PNC'
46,0.997265399,PNC,576,"PNC BANK,NA",b'573',b'PNC BANK NA',b'PNC'
47,0.997410528,Bank of America Merrill Lynch,26,BANK OF AMERICA,b'30',b'BANK OF AMERICA',b'Bank of America Merrill Lynch'
47,0.995524757,Bank of America Merrill Lynch,27,BANK OF AMERICA CORP,b'30',b'BANK OF AMERICA',b'Bank of America Merrill Lynch'
47,0.992859978,Bank of America Merrill Lynch,28,BANK OF AMERICA CORPORATION,b'30',b'BANK OF AMERICA',b'Bank of America Merrill Lynch'
47,0.98417449,Bank of America Merrill Lynch,29,BANK OF AMERICA CUSTODIAL SERVICES (IRELAND) LIMITED,b'30',b'BANK OF AMERICA',b'Bank of America Merrill Lynch'
47,0.993132178,Bank of America Merrill Lynch,30,BANK OF AMERICA MERRILL LYNCH,b'30',b'BANK OF AMERICA',b'Bank of America Merrill Lynch'
47,0.988916725,Bank of America Merrill Lynch,31,BANK OF AMERICA MERRILL LYNCH INTERNATIONAL LIMITED,b'30',b'BANK OF AMERICA',b'Bank of America Merrill Lynch'
47,0.988401908,Bank of America Merrill Lynch,32,BANK OF AMERICA MERRILL LYNCH INTERNATIONAL LTD,b'30',b'BANK OF AMERICA',b'Bank of America Merrill Lynch'
47,0.995326247,Bank of America Merrill Lynch,33,BANK OF AMERICA N.A.,b'30',b'BANK OF AMERICA',b'Bank of America Merrill Lynch'
47,0.996435538,Bank of America Merrill Lynch,34,BANK OF AMERICA NA,b'30',b'BANK OF AMERICA',b'Bank of America Merrill Lynch'
47,0.99446404,Bank of America Merrill Lynch,35,BANK OF AMERICA NT & SA,b'30',b'BANK OF AMERICA',b'Bank of America Merrill Lynch'
47,0.99045546,Bank of America Merrill Lynch,36,BANK OF AMERICA SECURITIES LLC,b'30',b'BANK OF AMERICA',b'Bank of America Merrill Lynch'
47,0.994708072,Bank of America Merrill Lynch,37,"BANK OF AMERICA, N.A.",b'30',b'BANK OF AMERICA',b'Bank of America Merrill Lynch'
47,0.995881051,Bank of America Merrill Lynch,38,"BANK OF AMERICA, NA",b'30',b'BANK OF AMERICA',b'Bank of America Merrill Lynch'
47,0.990057275,Bank of America Merrill Lynch,39,"BANK OF AMERICA, NATIONAL ASSOCIATION",b'30',b'BANK OF AMERICA',b'Bank of America Merrill Lynch'
47,0.988026258,Bank of America Merrill Lynch,40,"BANK OF AMERICA, NATIONAL ASSOCIATION AKA BANK OF AMERICA, N.A.",b'30',b'BANK OF AMERICA',b'Bank of America Merrill Lynch'
47,0.98747433,Bank of America Merrill Lynch,41,"BANK OF AMERICA, NATIONAL ASSOCIATION AKA BANK OF AMERICA, NA",b'30',b'BANK OF AMERICA',b'Bank of America Merrill Lynch'
47,0.952834103,Bank of America Merrill Lynch,42,"MERRILL LYNCH, PIERCE, FENNER & SMITH INCORPORATED",b'30',b'BANK OF AMERICA',b'Bank of America Merrill Lynch'
48,0.998066,Computershare,212,COMPUTERSHARE TRUST COMPANY N.A.,b'212',b'COMPUTERSHARE TRUST COMPANY N.A.',b'Computershare'
48,0.998066,Computershare,213,"COMPUTERSHARE TRUST COMPANY, N.A.",b'212',b'COMPUTERSHARE TRUST COMPANY N.A.',b'Computershare'
49,0.993583834,US Bancorp Fund Services,684,U.S. BANCORP,b'684',"b'U.S. BANCORP FUND SERVICES, LLC'",b'US Bancorp Fund Services'
49,0.993750739,US Bancorp Fund Services,685,"U.S. BANCORP FUND SERVICES, LLC",b'684',"b'U.S. BANCORP FUND SERVICES, LLC'",b'US Bancorp Fund Services'
49,0.984661388,US Bancorp Fund Services,686,"U.S. BANCORP INVESTMENTS, INC.",b'684',"b'U.S. BANCORP FUND SERVICES, LLC'",b'US Bancorp Fund Services'
49,0.991659009,US Bancorp Fund Services,711,US BANCORP FUND SERVICES,b'684',"b'U.S. BANCORP FUND SERVICES, LLC'",b'US Bancorp Fund Services'
49,0.991674197,US Bancorp Fund Services,712,"US BANCORP FUND SERVICES, LLC",b'684',"b'U.S. BANCORP FUND SERVICES, LLC'",b'US Bancorp Fund Services'
49,0.993185723,US Bancorp Fund Services,718,US BANKCORP,b'684',"b'U.S. BANCORP FUND SERVICES, LLC'",b'US Bancorp Fund Services'
50,0.99820588,Pershing Prime Services,567,PERSHING,b'567',b'PERSHING',b'Pershing Prime Services'
50,0.996536454,Pershing Prime Services,568,PERSHING ADVISOR SOLUTIONS LLC,b'567',b'PERSHING',b'Pershing Prime Services'
50,0.997288187,Pershing Prime Services,569,PERSHING LLC,b'567',b'PERSHING',b'Pershing Prime Services'
50,0.99679023,Pershing Prime Services,570,"PERSHING, LLC",b'567',b'PERSHING',b'Pershing Prime Services'
51,0.997649,HSBC,335,HSBC BANK USA N.A.,b'335',b'HSBC BANK USA N.A.',b'HSBC'
51,0.997649,HSBC,338,"HSBC BANK USA, N.A.",b'335',b'HSBC BANK USA N.A.',b'HSBC'
52,0.998455,Scotia Capital,592,SCOTIA CAPITAL (USA) INC,b'592',b'SCOTIA CAPITAL (USA) INC',b'Scotia Capital'
52,0.998455,Scotia Capital,593,SCOTIA CAPITAL (USA) INC.,b'592',b'SCOTIA CAPITAL (USA) INC',b'Scotia Capital'
53,0.99795,SG Americas Securities,596,SG AMERICAS SECURITIES LLC,b'596',b'SG AMERICAS SECURITIES LLC',b'SG Americas Securities'
53,0.99795,SG Americas Securities,597,"SG AMERICAS SECURITIES, LLC",b'596',b'SG AMERICAS SECURITIES LLC',b'SG Americas Securities'
54,0.998335,Continental Stock Transfer & Trust Company,215,CONTINENTAL STOCK TRANSFER,b'215',b'CONTINENTAL STOCK TRANSFER',b'Continental Stock Transfer & Trust Company'
54,0.998335,Continental Stock Transfer & Trust Company,216,CONTINENTAL STOCK TRANSFER & TRUST COMPANY,b'215',b'CONTINENTAL STOCK TRANSFER',b'Continental Stock Transfer & Trust Company'
55,0.993764999,Northern Trust Custody Services,546,NORTHERN TRUST,b'556',b'NORTHERN TRUST',b'Northern Trust Custody Services'
55,0.987894103,Northern Trust Custody Services,547,NORTHERN TRUST (GUERNSEY) LIMITED,b'556',b'NORTHERN TRUST',b'Northern Trust Custody Services'
55,0.990761716,Northern Trust Custody Services,548,NORTHERN TRUST BANK FSB,b'556',b'NORTHERN TRUST',b'Northern Trust Custody Services'
55,0.991886624,Northern Trust Custody Services,549,NORTHERN TRUST BANK NA,b'556',b'NORTHERN TRUST',b'Northern Trust Custody Services'
55,0.990759475,Northern Trust Custody Services,550,NORTHERN TRUST CO CHICAGO,b'556',b'NORTHERN TRUST',b'Northern Trust Custody Services'
55,0.992768697,Northern Trust Custody Services,551,NORTHERN TRUST CO.,b'556',b'NORTHERN TRUST',b'Northern Trust Custody Services'
55,0.992847377,Northern Trust Custody Services,552,NORTHERN TRUST COMPANY,b'556',b'NORTHERN TRUST',b'Northern Trust Custody Services'
55,0.992176864,Northern Trust Custody Services,553,NORTHERN TRUST CORPORATION,b'556',b'NORTHERN TRUST',b'Northern Trust Custody Services'
55,0.980120441,Northern Trust Custody Services,554,NORTHERN TRUST FIDUCIARY SERVICES (IRELAND) LIMITED,b'556',b'NORTHERN TRUST',b'Northern Trust Custody Services'
55,0.981909567,Northern Trust Custody Services,555,NORTHERN TRUST GLOBAL FUND SERVICES CAYMAN LIMITED,b'556',b'NORTHERN TRUST',b'Northern Trust Custody Services'
55,0.988474383,Northern Trust Custody Services,556,NORTHERN TRUST GLOBAL SERVICES,b'556',b'NORTHERN TRUST',b'Northern Trust Custody Services'
55,0.984207026,Northern Trust Custody Services,557,NORTHERN TRUST GLOBAL SERVICES LIMITED,b'556',b'NORTHERN TRUST',b'Northern Trust Custody Services'
55,0.982698821,Northern Trust Custody Services,558,NORTHERN TRUST HEDGE FUND SERVICES LLC,b'556',b'NORTHERN TRUST',b'Northern Trust Custody Services'
55,0.99155545,Northern Trust Custody Services,559,NORTHERN TRUST INTERNATIONAL BANK CORPORATION,b'556',b'NORTHERN TRUST',b'Northern Trust Custody Services'
55,0.99162921,Northern Trust Custody Services,560,NORTHERN TRUST INTERNATIONAL BANKING,b'556',b'NORTHERN TRUST',b'Northern Trust Custody Services'
55,0.991859709,Northern Trust Custody Services,561,NORTHERN TRUST INTERNATIONAL BANKING CORP,b'556',b'NORTHERN TRUST',b'Northern Trust Custody Services'
55,0.991818925,Northern Trust Custody Services,562,NORTHERN TRUST INTERNATIONAL BANKING CORP.,b'556',b'NORTHERN TRUST',b'Northern Trust Custody Services'
55,0.991932612,Northern Trust Custody Services,563,NORTHERN TRUST INTERNATIONAL BANKING CORPORATION,b'556',b'NORTHERN TRUST',b'Northern Trust Custody Services'
55,0.988385932,Northern Trust Custody Services,564,"NORTHERN TRUST SECURITIES, INC.",b'556',b'NORTHERN TRUST',b'Northern Trust Custody Services'
55,0.992301497,Northern Trust Custody Services,666,THE NORTHERN TRUST CO.,b'556',b'NORTHERN TRUST',b'Northern Trust Custody Services'
55,0.990621735,Northern Trust Custody Services,667,THE NORTHERN TRUST COMPANY,b'556',b'NORTHERN TRUST',b'Northern Trust Custody Services'
55,0.990524041,Northern Trust Custody Services,668,THE NORTHERN TRUST INTERNATIONAL BANK CORP,b'556',b'NORTHERN TRUST',b'Northern Trust Custody Services'
55,0.991109788,Northern Trust Custody Services,669,THE NORTHERN TRUST INTERNATIONAL BANKING COPRORATION,b'556',b'NORTHERN TRUST',b'Northern Trust Custody Services'
55,0.990657089,Northern Trust Custody Services,670,THE NORTHERN TRUST INTERNATIONAL BANKING CORP,b'556',b'NORTHERN TRUST',b'Northern Trust Custody Services'
55,0.990645326,Northern Trust Custody Services,671,THE NORTHERN TRUST INTERNATIONAL BANKING CORP.,b'556',b'NORTHERN TRUST',b'Northern Trust Custody Services'
55,0.991096118,Northern Trust Custody Services,672,THE NORTHERN TRUST INTERNATIONAL BANKING CORPORATION,b'556',b'NORTHERN TRUST',b'Northern Trust Custody Services'
55,0.991797575,Northern Trust Custody Services,673,"THE NORTHERN TRUST INTERNATIONAL BANKING CORPORATION, NJ",b'556',b'NORTHERN TRUST',b'Northern Trust Custody Services'
55,0.990456764,Northern Trust Custody Services,674,THE NORTHERN TRUST INTERNATIONAL BANKING CRP,b'556',b'NORTHERN TRUST',b'Northern Trust Custody Services'
55,0.989392817,Northern Trust Custody Services,675,THE NORTHERN TRUST INT'L BANKING CORPORATION,b'556',b'NORTHERN TRUST',b'Northern Trust Custody Services'
55,0.967262909,Northern Trust Custody Services,676,THE PICTET GROUP,b'556',b'NORTHERN TRUST',b'Northern Trust Custody Services'
56,0.996667,Richardson GMP,581,RICHARDSON GMP LIMITED,b'581',b'RICHARDSON GMP LIMITED',b'Richardson GMP'
56,0.996667,Richardson GMP,582,RICHARDSON GMP LTD.,b'581',b'RICHARDSON GMP LIMITED',b'Richardson GMP'
57,0.998345,TD Securities,651,TD SECURITIES,b'651',b'TD SECURITIES',b'TD Securities'
57,0.998345,TD Securities,652,TD SECURITIES INC.,b'651',b'TD SECURITIES',b'TD Securities'
58,0.998057206,Goldman Sachs,303,GOLDMAN SACHS,b'313',b'GOLDMAN SACHS',b'Goldman Sachs'
58,0.99686623,Goldman Sachs,304,GOLDMAN SACHS & CO,b'313',b'GOLDMAN SACHS',b'Goldman Sachs'
58,0.996391976,Goldman Sachs,305,GOLDMAN SACHS & CO.,b'313',b'GOLDMAN SACHS',b'Goldman Sachs'
58,0.994413491,Goldman Sachs,306,GOLDMAN SACHS & CO. LLC,b'313',b'GOLDMAN SACHS',b'Goldman Sachs'
58,0.989137852,Goldman Sachs,307,GOLDMAN SACHS ASSET MANAGEMENT LP,b'313',b'GOLDMAN SACHS',b'Goldman Sachs'
58,0.995980732,Goldman Sachs,308,GOLDMAN SACHS BANK,b'313',b'GOLDMAN SACHS',b'Goldman Sachs'
58,0.993672399,Goldman Sachs,309,GOLDMAN SACHS BANK USA,b'313',b'GOLDMAN SACHS',b'Goldman Sachs'
58,0.990942283,Goldman Sachs,310,GOLDMAN SACHS EXECUTION & CLEARING,b'313',b'GOLDMAN SACHS',b'Goldman Sachs'
58,0.991377946,Goldman Sachs,311,"GOLDMAN SACHS EXECUTION & CLEARING, L.P.",b'313',b'GOLDMAN SACHS',b'Goldman Sachs'
58,0.989685051,Goldman Sachs,312,"GOLDMAN SACHS FINANCIAL MARKETS, L.P.",b'313',b'GOLDMAN SACHS',b'Goldman Sachs'
58,0.993362184,Goldman Sachs,313,GOLDMAN SACHS INTERNATIONAL,b'313',b'GOLDMAN SACHS',b'Goldman Sachs'
58,0.990717574,Goldman Sachs,314,GOLDMAN SACHS INTERNATIONAL (LONDON),b'313',b'GOLDMAN SACHS',b'Goldman Sachs'
58,0.991885551,Goldman Sachs,315,GOLDMAN SACHS INTERNATIONAL BANK,b'313',b'GOLDMAN SACHS',b'Goldman Sachs'
58,0.994903036,Goldman Sachs,316,"GOLDMAN, SACHS & CO",b'313',b'GOLDMAN SACHS',b'Goldman Sachs'
58,0.994335719,Goldman Sachs,317,"GOLDMAN, SACHS & CO.",b'313',b'GOLDMAN SACHS',b'Goldman Sachs'
58,0.991262448,Goldman Sachs,318,"GOLDMAN, SACHS & CO. AND AFFILIATED QUALIFIED CUSTODIANS",b'313',b'GOLDMAN SACHS',b'Goldman Sachs'
59,0.993517,Vanguard Marketing Corporation,719,VANGUARD CAPITAL,b'719',b'VANGUARD CAPITAL',b'Vanguard Marketing Corporation'
59,0.993517,Vanguard Marketing Corporation,720,VANGUARD MARKETING CORPORATION,b'719',b'VANGUARD CAPITAL',b'Vanguard Marketing Corporation'
60,0.998260975,Banco Santander,22,BANCO SANTANDER,b'22',b'BANCO SANTANDER',b'Banco Santander'
60,0.996679008,Banco Santander,23,"BANCO SANTANDER (MXICO), S.A.",b'22',b'BANCO SANTANDER',b'Banco Santander'
60,0.997334957,Banco Santander,24,BANCO SANTANDER (SUISSE) S.A.,b'22',b'BANCO SANTANDER',b'Banco Santander'
60,0.997438848,Banco Santander,25,"BANCO SANTANDER (SUISSE), S.A.",b'22',b'BANCO SANTANDER',b'Banco Santander'
61,0.995972186,DBS Bank,242,DBS BANK LIMITED,b'242',b'DBS BANK LTD',b'DBS Bank'
61,0.997496188,DBS Bank,243,DBS BANK LTD,b'242',b'DBS BANK LTD',b'DBS Bank'
61,0.996880084,DBS Bank,244,DBS BANK LTD.,b'242',b'DBS BANK LTD',b'DBS Bank'
62,0.991865,Cullen/Frost Bankers,237,"CULLEN/FROST BANKERS, INC.",b'237',"b'CULLEN/FROST BANKERS, INC.'",b'Cullen/Frost Bankers'
62,0.991865,Cullen/Frost Bankers,301,FROST BANK,b'237',"b'CULLEN/FROST BANKERS, INC.'",b'Cullen/Frost Bankers'
63,0.98523,Stifel Nicolaus & Company,633,STIFEL FINANCIAL CORP.,b'633',b'STIFEL FINANCIAL CORP.',b'Stifel Nicolaus & Company'
63,0.98523,Stifel Nicolaus & Company,634,"STIFEL, NICOLAUS & COMPANY, INCORPORATED",b'633',b'STIFEL FINANCIAL CORP.',b'Stifel Nicolaus & Company'
64,0.977655,BTG Pactual,17,BANCO BTG PACTUAL S.A.,b'17',b'BANCO BTG PACTUAL S.A.',b'BTG Pactual'
64,0.977655,BTG Pactual,127,"BTG PACTUAL US CAPITAL, LLC",b'17',b'BANCO BTG PACTUAL S.A.',b'BTG Pactual'
65,0.998222578,Brown Brothers Harriman,120,BROWN BROTHERS HARRIMAN,b'120',b'BROWN BROTHERS HARRIMAN',b'Brown Brothers Harriman'
65,0.997597218,Brown Brothers Harriman,121,BROWN BROTHERS HARRIMAN & CO.,b'120',b'BROWN BROTHERS HARRIMAN',b'Brown Brothers Harriman'
65,0.996866345,Brown Brothers Harriman,122,BROWN BROTHER'S HARRIMAN & CO.,b'120',b'BROWN BROTHERS HARRIMAN',b'Brown Brothers Harriman'
65,0.996199632,Brown Brothers Harriman,123,"BROWN BROTHERS HARRIMAN TRUST COMPANY, NA",b'120',b'BROWN BROTHERS HARRIMAN',b'Brown Brothers Harriman'
65,0.996342003,Brown Brothers Harriman,124,BROWN BROTHERS HARRIMAN TRUSTEE SERVICES (IRELAND) LIMITED,b'120',b'BROWN BROTHERS HARRIMAN',b'Brown Brothers Harriman'
65,0.997132039,Brown Brothers Harriman,125,BROWN BROTHERS HARRIMANN & CO.,b'120',b'BROWN BROTHERS HARRIMAN',b'Brown Brothers Harriman'
66,0.998095,HSBC,337,HSBC BANK USA NATIONAL ASSOCIATION,b'337',b'HSBC BANK USA NATIONAL ASSOCIATION',b'HSBC'
66,0.998095,HSBC,340,"HSBC BANK USA, NATIONAL ASSOCIATION",b'337',b'HSBC BANK USA NATIONAL ASSOCIATION',b'HSBC'
67,0.978905503,BNP Paribas,71,BGL BNP PARIBAS SOCIT ANONYME,b'90',b'BNP PARIBAS',b'BNP Paribas'
67,0.997996792,BNP Paribas,89,BNP PARIBAS,b'90',b'BNP PARIBAS',b'BNP Paribas'
67,0.988448195,BNP Paribas,90,BNP PARIBAS - LONDON BRANCH,b'90',b'BNP PARIBAS',b'BNP Paribas'
67,0.98395567,BNP Paribas,91,BNP PARIBAS ACTING THROUGH ITS NEW YORK BRANCH,b'90',b'BNP PARIBAS',b'BNP Paribas'
67,0.982724335,BNP Paribas,92,BNP PARIBAS BANK & TRUST CAYMAN LIMITED,b'90',b'BNP PARIBAS',b'BNP Paribas'
67,0.989118744,BNP Paribas,93,"BNP PARIBAS ESPAA, S.A.",b'90',b'BNP PARIBAS',b'BNP Paribas'
67,0.991454545,BNP Paribas,94,BNP PARIBAS LONDON BRANCH,b'90',b'BNP PARIBAS',b'BNP Paribas'
67,0.985726465,BNP Paribas,95,BNP PARIBAS PRIME BROKERAGE INC,b'90',b'BNP PARIBAS',b'BNP Paribas'
67,0.983260635,BNP Paribas,96,"BNP PARIBAS PRIME BROKERAGE INTERNATIONAL, LTD",b'90',b'BNP PARIBAS',b'BNP Paribas'
67,0.985791709,BNP Paribas,97,"BNP PARIBAS PRIME BROKERAGE, INC.",b'90',b'BNP PARIBAS',b'BNP Paribas'
67,0.988968842,BNP Paribas,98,BNP PARIBAS SA LONDON BRANCH,b'90',b'BNP PARIBAS',b'BNP Paribas'
67,0.989305496,BNP Paribas,99,BNP PARIBAS SALONDON BRANCH,b'90',b'BNP PARIBAS',b'BNP Paribas'
67,0.984440003,BNP Paribas,100,BNP PARIBAS SECURITIES CORP.,b'90',b'BNP PARIBAS',b'BNP Paribas'
67,0.986465801,BNP Paribas,101,BNP PARIBAS SECURITIES SERVICES DUBLIN BRANCH,b'90',b'BNP PARIBAS',b'BNP Paribas'
67,0.985715654,BNP Paribas,102,BNP PARIBAS SECURITIES SERVICES IRELAND LIMITED,b'90',b'BNP PARIBAS',b'BNP Paribas'
67,0.996599328,BNP Paribas,103,BNP PARIBAS USA,b'90',b'BNP PARIBAS',b'BNP Paribas'
67,0.986306824,BNP Paribas,104,"BNP PARIBAS, NEW YORK BRANCH",b'90',b'BNP PARIBAS',b'BNP Paribas'
68,0.994578,UBS,696,UBS AG,b'696',b'UBS AG',b'UBS'
68,0.994578,UBS,710,"UBS, AG",b'696',b'UBS AG',b'UBS'
69,0.995900472,Wintrust Bank,757,WINTRUST BANK,b'757',b'WINTRUST FINANCIAL CORPORATION',b'Wintrust Bank'
69,0.994560897,Wintrust Bank,758,WINTRUST FINANCIAL,b'757',b'WINTRUST FINANCIAL CORPORATION',b'Wintrust Bank'
69,0.994805753,Wintrust Bank,759,WINTRUST FINANCIAL CORPORATION,b'757',b'WINTRUST FINANCIAL CORPORATION',b'Wintrust Bank'
69,0.991764863,Wintrust Bank,760,WINTRUST FUNDS GROUP,b'757',b'WINTRUST FINANCIAL CORPORATION',b'Wintrust Bank'
70,0.967694399,Citi Transaction Services,177,CITI PRIME FINANCE,b'180',b'CITIBANK',b'Citi Transaction Services'
70,0.971173885,Citi Transaction Services,178,CITI PRIVATE BANK,b'180',b'CITIBANK',b'Citi Transaction Services'
70,0.995900127,Citi Transaction Services,179,CITIBANK,b'180',b'CITIBANK',b'Citi Transaction Services'
70,0.977379074,Citi Transaction Services,180,CITIBANK CBO SERVICES,b'180',b'CITIBANK',b'Citi Transaction Services'
70,0.977538099,Citi Transaction Services,181,CITIBANK HONG KONG,b'180',b'CITIBANK',b'Citi Transaction Services'
70,0.97576842,Citi Transaction Services,182,CITIBANK LUXEMBOURG,b'180',b'CITIBANK',b'Citi Transaction Services'
70,0.988011787,Citi Transaction Services,183,CITIBANK N.A.,b'180',b'CITIBANK',b'Citi Transaction Services'
70,0.974240482,Citi Transaction Services,184,CITIBANK N.A. HONG KONG,b'180',b'CITIBANK',b'Citi Transaction Services'
70,0.968651998,Citi Transaction Services,185,"CITIBANK N.A., SINGAPORE BRANCH",b'180',b'CITIBANK',b'Citi Transaction Services'
70,0.992039092,Citi Transaction Services,186,CITIBANK NA,b'180',b'CITIBANK',b'Citi Transaction Services'
70,0.978236936,Citi Transaction Services,187,CITIBANK NA MUMBAI,b'180',b'CITIBANK',b'Citi Transaction Services'
70,0.97551468,Citi Transaction Services,188,"CITIBANK NA, NEW YORK BRANCH",b'180',b'CITIBANK',b'Citi Transaction Services'
70,0.981471762,Citi Transaction Services,189,CITIBANK PRIVATE BANK,b'180',b'CITIBANK',b'Citi Transaction Services'
70,0.986936872,Citi Transaction Services,190,"CITIBANK, A.S.",b'180',b'CITIBANK',b'Citi Transaction Services'
70,0.987218631,Citi Transaction Services,191,"CITIBANK, N.A.",b'180',b'CITIBANK',b'Citi Transaction Services'
70,0.990626097,Citi Transaction Services,192,"CITIBANK, NA",b'180',b'CITIBANK',b'Citi Transaction Services'
70,0.983459649,Citi Transaction Services,193,CITIGROUP GLOBAL CAPITAL MARKETS LIMITED,b'180',b'CITIBANK',b'Citi Transaction Services'
70,0.978017611,Citi Transaction Services,194,CITIGROUP GLOBAL MARKETS INC.,b'180',b'CITIBANK',b'Citi Transaction Services'
70,0.978772675,Citi Transaction Services,195,CITIGROUP GLOBAL MARKETS LIMITED,b'180',b'CITIBANK',b'Citi Transaction Services'
70,0.977263165,Citi Transaction Services,196,CITIGROUP GLOBAL MARKETS LTD.,b'180',b'CITIBANK',b'Citi Transaction Services'
70,0.978564305,Citi Transaction Services,197,"CITIGROUP GLOBAL MARKETS, INC.",b'180',b'CITIBANK',b'Citi Transaction Services'
70,0.977010851,Citi Transaction Services,198,"CITIGROUP GLOBAL MARKETS, LTD.",b'180',b'CITIBANK',b'Citi Transaction Services'
70,0.980518157,Citi Transaction Services,199,CITIGROUP INC.,b'180',b'CITIBANK',b'Citi Transaction Services'
70,0.97511174,Citi Transaction Services,200,CITIGROUP SECURITIES SERVICES INC.,b'180',b'CITIBANK',b'Citi Transaction Services'
70,0.977059511,Citi Transaction Services,201,"CITIGROUP, INC.",b'180',b'CITIBANK',b'Citi Transaction Services'
71,0.998302003,Standard Chartered Bank,610,STANDARD CHARTERED,b'610',b'STANDARD CHARTERED BANK',b'Standard Chartered Bank'
71,0.998352627,Standard Chartered Bank,611,STANDARD CHARTERED BANK,b'610',b'STANDARD CHARTERED BANK',b'Standard Chartered Bank'
71,0.997710089,Standard Chartered Bank,612,STANDARD CHARTERED BANK (INDIA),b'610',b'STANDARD CHARTERED BANK',b'Standard Chartered Bank'
71,0.997650683,Standard Chartered Bank,613,STANDARD CHARTERED BANK (MAURITIUS) LIMITED,b'610',b'STANDARD CHARTERED BANK',b'Standard Chartered Bank'
72,0.997865,Wedbush Securities,723,WEDBUSH SECURITIES INC.,b'723',b'WEDBUSH SECURITIES INC.',b'Wedbush Securities'
72,0.997865,Wedbush Securities,724,"WEDBUSH SECURITIES, INC.",b'723',b'WEDBUSH SECURITIES INC.',b'Wedbush Securities'
73,0.996968344,SunTrust Banks,636,SUNTRUST BANK,b'636',b'SUNTRUST BANK',b'SunTrust Banks'
73,0.992961422,SunTrust Banks,637,"SUNTRUST BANK, N.A.",b'636',b'SUNTRUST BANK',b'SunTrust Banks'
73,0.994180337,SunTrust Banks,638,"SUNTRUST BANKS, INC.",b'636',b'SUNTRUST BANK',b'SunTrust Banks'
73,0.988760322,SunTrust Banks,639,"SUNTRUST INVESTMENT SERVICES, INC.",b'636',b'SUNTRUST BANK',b'SunTrust Banks'
73,0.98911418,SunTrust Banks,640,"SUNTRUST ROBINSON HUMPHREY, INC.",b'636',b'SUNTRUST BANK',b'SunTrust Banks'
74,0.992544543,Morgan Stanley,481,MORGAN STANELY & CO. LLC,b'501',b'MORGAN STANLEY',b'Morgan Stanley'
74,0.998176461,Morgan Stanley,482,MORGAN STANLEY,b'501',b'MORGAN STANLEY',b'Morgan Stanley'
74,0.992594036,Morgan Stanley,483,MORGAN STANLEY & CO INT PLC,b'501',b'MORGAN STANLEY',b'Morgan Stanley'
74,0.990967834,Morgan Stanley,484,MORGAN STANLEY & CO INTERNATIONAL,b'501',b'MORGAN STANLEY',b'Morgan Stanley'
74,0.990198023,Morgan Stanley,485,MORGAN STANLEY & CO INTERNATIONAL LTD,b'501',b'MORGAN STANLEY',b'Morgan Stanley'
74,0.99055386,Morgan Stanley,486,MORGAN STANLEY & CO INTERNATIONAL PLC,b'501',b'MORGAN STANLEY',b'Morgan Stanley'
74,0.990208108,Morgan Stanley,487,"MORGAN STANLEY & CO INTERNATIONAL, PLC",b'501',b'MORGAN STANLEY',b'Morgan Stanley'
74,0.992708516,Morgan Stanley,488,MORGAN STANLEY & CO INTL PLC,b'501',b'MORGAN STANLEY',b'Morgan Stanley'
74,0.995236723,Morgan Stanley,489,MORGAN STANLEY & CO LLC,b'501',b'MORGAN STANLEY',b'Morgan Stanley'
74,0.99063444,Morgan Stanley,490,"MORGAN STANLEY & CO, INTERNATIONAL PLC",b'501',b'MORGAN STANLEY',b'Morgan Stanley'
74,0.994675842,Morgan Stanley,491,"MORGAN STANLEY & CO, LLC",b'501',b'MORGAN STANLEY',b'Morgan Stanley'
74,0.988158192,Morgan Stanley,492,MORGAN STANLEY & CO. INCORPORATED,b'501',b'MORGAN STANLEY',b'Morgan Stanley'
74,0.992031983,Morgan Stanley,493,MORGAN STANLEY & CO. INT PLC,b'501',b'MORGAN STANLEY',b'Morgan Stanley'
74,0.990881742,Morgan Stanley,494,MORGAN STANLEY & CO. INTERNATIONAL,b'501',b'MORGAN STANLEY',b'Morgan Stanley'
74,0.990712211,Morgan Stanley,495,MORGAN STANLEY & CO. INTERNATIONAL PLC,b'501',b'MORGAN STANLEY',b'Morgan Stanley'
74,0.990958185,Morgan Stanley,496,MORGAN STANLEY & CO. INTERNATIONAL PLC.,b'501',b'MORGAN STANLEY',b'Morgan Stanley'
74,0.994735136,Morgan Stanley,497,MORGAN STANLEY & CO. LLC,b'501',b'MORGAN STANLEY',b'Morgan Stanley'
74,0.990739942,Morgan Stanley,498,MORGAN STANLEY & CO. LLC AND AFFILIATED QUALIFIED CUSTODIANS,b'501',b'MORGAN STANLEY',b'Morgan Stanley'
74,0.992992421,Morgan Stanley,499,"MORGAN STANLEY & CO., INC.",b'501',b'MORGAN STANLEY',b'Morgan Stanley'
74,0.988190957,Morgan Stanley,500,MORGAN STANLEY CAPITAL GROUP INC.,b'501',b'MORGAN STANLEY',b'Morgan Stanley'
74,0.987490152,Morgan Stanley,501,MORGAN STANLEY CAPITAL PRODUCTS LLC,b'501',b'MORGAN STANLEY',b'Morgan Stanley'
74,0.989513491,Morgan Stanley,502,MORGAN STANLEY CAPITAL SERVICES,b'501',b'MORGAN STANLEY',b'Morgan Stanley'
74,0.987854604,Morgan Stanley,503,MORGAN STANLEY CAPITAL SERVICES INC,b'501',b'MORGAN STANLEY',b'Morgan Stanley'
74,0.987431129,Morgan Stanley,504,MORGAN STANLEY CAPITAL SERVICES INC.,b'501',b'MORGAN STANLEY',b'Morgan Stanley'
74,0.988256481,Morgan Stanley,505,MORGAN STANLEY CAPITAL SERVICES LLC,b'501',b'MORGAN STANLEY',b'Morgan Stanley'
74,0.987804951,Morgan Stanley,506,MORGAN STANLEY CAPITAL SERVICES LLC.,b'501',b'MORGAN STANLEY',b'Morgan Stanley'
74,0.987273683,Morgan Stanley,507,"MORGAN STANLEY CAPITAL SERVICES, INC.",b'501',b'MORGAN STANLEY',b'Morgan Stanley'
74,0.988084894,Morgan Stanley,508,"MORGAN STANLEY CAPITAL SERVICES, LLC",b'501',b'MORGAN STANLEY',b'Morgan Stanley'
74,0.987745076,Morgan Stanley,509,MORGAN STANLEY INSTITUTIONAL LIQUIDITY FUNDS,b'501',b'MORGAN STANLEY',b'Morgan Stanley'
74,0.988084259,Morgan Stanley,510,MORGAN STANLEY INTERNATIONAL LIMITED,b'501',b'MORGAN STANLEY',b'Morgan Stanley'
74,0.989751021,Morgan Stanley,511,MORGAN STANLEY INTERNATIONAL PLC,b'501',b'MORGAN STANLEY',b'Morgan Stanley'
74,0.987834791,Morgan Stanley,512,MORGAN STANLEY LIQUIDITY FUNDS,b'501',b'MORGAN STANLEY',b'Morgan Stanley'
74,0.99174001,Morgan Stanley,513,MORGAN STANLEY PRIVATE BANK,b'501',b'MORGAN STANLEY',b'Morgan Stanley'
74,0.986458202,Morgan Stanley,514,MORGAN STANLEY PRIVATE BANK ASSOCIATION,b'501',b'MORGAN STANLEY',b'Morgan Stanley'
74,0.990032542,Morgan Stanley,515,MORGAN STANLEY PRIVATE BANK NA,b'501',b'MORGAN STANLEY',b'Morgan Stanley'
74,0.990717806,Morgan Stanley,516,MORGAN STANLEY PRIVATE BANK NATIONAL ASSOCIATION,b'501',b'MORGAN STANLEY',b'Morgan Stanley'
74,0.987319262,Morgan Stanley,517,"MORGAN STANLEY PRIVATE BANK, N.A.",b'501',b'MORGAN STANLEY',b'Morgan Stanley'
74,0.988994675,Morgan Stanley,518,"MORGAN STANLEY PRIVATE BANK, NA",b'501',b'MORGAN STANLEY',b'Morgan Stanley'
74,0.99061877,Morgan Stanley,519,"MORGAN STANLEY PRIVATE BANK, NATIONAL ASSOCIATION",b'501',b'MORGAN STANLEY',b'Morgan Stanley'
74,0.990838934,Morgan Stanley,520,"MORGAN STANLEY PRIVATE BANK, NATIONAL ASSOCIATION.",b'501',b'MORGAN STANLEY',b'Morgan Stanley'
74,0.987050394,Morgan Stanley,521,MORGAN STANLEY SECURITIES LIMITED,b'501',b'MORGAN STANLEY',b'Morgan Stanley'
74,0.993951111,Morgan Stanley,522,MORGAN STANLEY SERVICES,b'501',b'MORGAN STANLEY',b'Morgan Stanley'
74,0.988758212,Morgan Stanley,524,MORGAN STANLEY TRUST NATIONAL ASSOCIATION,b'501',b'MORGAN STANLEY',b'Morgan Stanley'
75,0.998089075,Nomura Securities,538,NOMURA SECURITIES INTERNATIONAL INC,b'538',"b'NOMURA SECURITIES INTERNATIONAL, INC'",b'Nomura Securities'
75,0.998289913,Nomura Securities,539,"NOMURA SECURITIES INTERNATIONAL, INC",b'538',"b'NOMURA SECURITIES INTERNATIONAL, INC'",b'Nomura Securities'
75,0.998271137,Nomura Securities,540,"NOMURA SECURITIES INTERNATIONAL, INC.",b'538',"b'NOMURA SECURITIES INTERNATIONAL, INC'",b'Nomura Securities'
76,0.997473,KT Zmico Securities Company,454,"KT ZMICO SECURITIES CO., LTD.",b'454',"b'KT ZMICO SECURITIES CO., LTD.'",b'KT Zmico Securities Company'
76,0.997473,KT Zmico Securities Company,455,KT-ZMICO,b'454',"b'KT ZMICO SECURITIES CO., LTD.'",b'KT Zmico Securities Company'
77,0.995972,NLB Tutunska banka,537,NLB TUTUNSKA BANKA AD SKOPJE,b'537',b'NLB TUTUNSKA BANKA AD SKOPJE',b'NLB Tutunska banka'
77,0.995972,NLB Tutunska banka,683,TUTUNSKA BANKA,b'537',b'NLB TUTUNSKA BANKA AD SKOPJE',b'NLB Tutunska banka'
78,0.994773,Standard Bank,608,STANDARD BANK SOUTH AFRICA,b'608',b'STANDARD BANK SOUTH AFRICA',b'Standard Bank'
78,0.994773,Standard Bank,609,"STANDARD BANK, PLC",b'608',b'STANDARD BANK SOUTH AFRICA',b'Standard Bank'
79,0.997792,Barclays,57,BARCLAYS BANK PLC - NEW YORK BRANCH,b'57',b'BARCLAYS BANK PLC - NEW YORK BRANCH',b'Barclays'
79,0.997792,Barclays,59,"BARCLAYS BANK PLC, NEW YORK BRANCH",b'57',b'BARCLAYS BANK PLC - NEW YORK BRANCH',b'Barclays'
80,0.998163849,State Street Custody Services,614,STATE STREET,b'620',b'STATE STREET',b'State Street Custody Services'
80,0.983122177,State Street Custody Services,615,STATE STREET ALTERNATIVE INVESTMENT SOLUTIONS,b'620',b'STATE STREET',b'State Street Custody Services'
80,0.997540957,State Street Custody Services,616,STATE STREET BANK,b'620',b'STATE STREET',b'State Street Custody Services'
80,0.995331976,State Street Custody Services,617,STATE STREET BANK & TRUST,b'620',b'STATE STREET',b'State Street Custody Services'
80,0.938995461,State Street Custody Services,618,STATE STREET BANK & TRUST CO,b'620',b'STATE STREET',b'State Street Custody Services'
80,0.938466503,State Street Custody Services,619,STATE STREET BANK & TRUST CO.,b'620',b'STATE STREET',b'State Street Custody Services'
80,0.99234478,State Street Custody Services,620,STATE STREET BANK & TRUST COMPANY,b'620',b'STATE STREET',b'State Street Custody Services'
80,0.991714368,State Street Custody Services,621,STATE STREET BANK &TRUST COMPANY,b'620',b'STATE STREET',b'State Street Custody Services'
80,0.992953155,State Street Custody Services,622,STATE STREET BANK AND TRUST CO.,b'620',b'STATE STREET',b'State Street Custody Services'
80,0.989856362,State Street Custody Services,623,STATE STREET BANK AND TRUST CO. NA BOSTON,b'620',b'STATE STREET',b'State Street Custody Services'
80,0.99201117,State Street Custody Services,624,STATE STREET BANK AND TRUST COMPANY,b'620',b'STATE STREET',b'State Street Custody Services'
80,0.989728212,State Street Custody Services,625,STATE STREET BANK CAYMAN TRUST COMPANY LTD,b'620',b'STATE STREET',b'State Street Custody Services'
80,0.991861704,State Street Custody Services,626,STATE STREET BANKING TRUST COMPANY,b'620',b'STATE STREET',b'State Street Custody Services'
80,0.99199244,State Street Custody Services,627,STATE STREET CAYMAN TRUST LTD.,b'620',b'STATE STREET',b'State Street Custody Services'
80,0.99163123,State Street Custody Services,628,STATE STREET CORPORATION,b'620',b'STATE STREET',b'State Street Custody Services'
80,0.984208971,State Street Custody Services,629,STATE STREET CUSTODIAL SERVICES (IRELAND) LIMITED,b'620',b'STATE STREET',b'State Street Custody Services'
80,0.984841459,State Street Custody Services,630,"STATE STREET GLOBAL ADVISORS FUNDS DISTRIBUTORS, LLC",b'620',b'STATE STREET',b'State Street Custody Services'
80,0.985255188,State Street Custody Services,631,"STATE STREET GLOBAL MARKETS, LLC",b'620',b'STATE STREET',b'State Street Custody Services'
80,0.984240906,State Street Custody Services,632,STATE STREET INTERNATIONAL (IRELAND) LIMITED,b'620',b'STATE STREET',b'State Street Custody Services'
81,0.998336,Wilmington Trust,754,WILMINGTON TRUST,b'754',b'WILMINGTON TRUST',b'Wilmington Trust'
81,0.998336,Wilmington Trust,755,WILMINGTON TRUST COMPANY,b'754',b'WILMINGTON TRUST',b'Wilmington Trust'
82,0.978658736,Societe Generale Newedge UK,534,NEWEDGE UK FINANCIAL LIMITED,b'534',"b'NEWEDGE USA, LLC'",b'Societe Generale Newedge UK'
82,0.984345168,Societe Generale Newedge UK,535,"NEWEDGE USA, LLC",b'534',"b'NEWEDGE USA, LLC'",b'Societe Generale Newedge UK'
82,0.971573383,Societe Generale Newedge UK,604,SOCIETE GENERALE NEWEDGE UK LIMITED,b'534',"b'NEWEDGE USA, LLC'",b'Societe Generale Newedge UK'
83,0.998379,BMO Nesbitt Burns,87,BMO NESBITT BURNS,b'87',b'BMO NESBITT BURNS',b'BMO Nesbitt Burns'
83,0.998379,BMO Nesbitt Burns,88,BMO NESBITT BURNS INC.,b'87',b'BMO NESBITT BURNS',b'BMO Nesbitt Burns'
84,0.998203035,Credit Suisse Prime Fund Services,219,CREDIT SUISSE,b'220',b'CREDIT SUISSE',b'Credit Suisse Prime Fund Services'
84,0.997524343,Credit Suisse Prime Fund Services,220,CREDIT SUISSE AG,b'220',b'CREDIT SUISSE',b'Credit Suisse Prime Fund Services'
84,0.987793062,Credit Suisse Prime Fund Services,221,"CREDIT SUISSE AG, DUBLIN BRANCH",b'220',b'CREDIT SUISSE',b'Credit Suisse Prime Fund Services'
84,0.987488631,Credit Suisse Prime Fund Services,222,"CREDIT SUISSE AG, LONDON BRANCH",b'220',b'CREDIT SUISSE',b'Credit Suisse Prime Fund Services'
84,0.991817974,Credit Suisse Prime Fund Services,223,CREDIT SUISSE CAPITAL LLC,b'220',b'CREDIT SUISSE',b'Credit Suisse Prime Fund Services'
84,0.99122823,Credit Suisse Prime Fund Services,224,CREDIT SUISSE EUROPE LTD.,b'220',b'CREDIT SUISSE',b'Credit Suisse Prime Fund Services'
84,0.99422821,Credit Suisse Prime Fund Services,225,CREDIT SUISSE GROUP AG,b'220',b'CREDIT SUISSE',b'Credit Suisse Prime Fund Services'
84,0.98828423,Credit Suisse Prime Fund Services,226,CREDIT SUISSE HEDGING-GRIFFO CORRETORA DE VALORES S.A.,b'220',b'CREDIT SUISSE',b'Credit Suisse Prime Fund Services'
84,0.989988949,Credit Suisse Prime Fund Services,227,CREDIT SUISSE INTERNATIONAL,b'220',b'CREDIT SUISSE',b'Credit Suisse Prime Fund Services'
84,0.991727151,Credit Suisse Prime Fund Services,228,CREDIT SUISSE PRIME SECURITIES SERVICES (USA) LLC,b'220',b'CREDIT SUISSE',b'Credit Suisse Prime Fund Services'
84,0.99295174,Credit Suisse Prime Fund Services,229,CREDIT SUISSE SECURITIES (EUROPE),b'220',b'CREDIT SUISSE',b'Credit Suisse Prime Fund Services'
84,0.992931623,Credit Suisse Prime Fund Services,230,CREDIT SUISSE SECURITIES (EUROPE) LIMITED,b'220',b'CREDIT SUISSE',b'Credit Suisse Prime Fund Services'
84,0.993277684,Credit Suisse Prime Fund Services,231,CREDIT SUISSE SECURITIES (EUROPE) LTD,b'220',b'CREDIT SUISSE',b'Credit Suisse Prime Fund Services'
84,0.993426871,Credit Suisse Prime Fund Services,232,CREDIT SUISSE SECURITIES (EUROPE) LTD.,b'220',b'CREDIT SUISSE',b'Credit Suisse Prime Fund Services'
84,0.992581751,Credit Suisse Prime Fund Services,233,CREDIT SUISSE SECURITIES (USA) LLC,b'220',b'CREDIT SUISSE',b'Credit Suisse Prime Fund Services'
84,0.992826961,Credit Suisse Prime Fund Services,234,CREDIT SUISSE SECURITIES EUROPE,b'220',b'CREDIT SUISSE',b'Credit Suisse Prime Fund Services'
84,0.993844185,Credit Suisse Prime Fund Services,235,CREDIT SUISSE SECURITIES LLC,b'220',b'CREDIT SUISSE',b'Credit Suisse Prime Fund Services'
85,0.990715578,Kotak Mahindra Bank,449,KOTAK INFINITI,b'450',b'KOTAK MAHINDRA BANK LIMITED',b'Kotak Mahindra Bank'
85,0.988417089,Kotak Mahindra Bank,450,KOTAK MAHINDRA BANK,b'450',b'KOTAK MAHINDRA BANK LIMITED',b'Kotak Mahindra Bank'
85,0.992083222,Kotak Mahindra Bank,451,KOTAK MAHINDRA BANK LIMITED,b'450',b'KOTAK MAHINDRA BANK LIMITED',b'Kotak Mahindra Bank'
85,0.987700492,Kotak Mahindra Bank,452,"KOTAK MAHINDRA, LTD",b'450',b'KOTAK MAHINDRA BANK LIMITED',b'Kotak Mahindra Bank'
85,0.979065642,Kotak Mahindra Bank,453,KOTAK SECURITIES,b'450',b'KOTAK MAHINDRA BANK LIMITED',b'Kotak Mahindra Bank'
86,0.997807,Jefferies,400,JEFFERIES & COMPANY INC,b'400',b'JEFFERIES & COMPANY INC',b'Jefferies'
86,0.997807,Jefferies,401,"JEFFERIES & COMPANY, INC.",b'400',b'JEFFERIES & COMPANY INC',b'Jefferies'
87,0.997115,UBS,697,UBS AG (LONDON),b'697',b'UBS AG (LONDON)',b'UBS'
87,0.997115,UBS,698,UBS AG LONDON,b'697',b'UBS AG (LONDON)',b'UBS'
88,0.998211547,Wells Fargo,726,WELLS FARGO,b'730',b'WELLS FARGO',b'Wells Fargo'
88,0.994938862,Wells Fargo,727,WELLS FARGO & CO.,b'730',b'WELLS FARGO',b'Wells Fargo'
88,0.991732159,Wells Fargo,728,WELLS FARGO & COMPANY,b'730',b'WELLS FARGO',b'Wells Fargo'
88,0.996300519,Wells Fargo,730,WELLS FARGO BANK,b'730',b'WELLS FARGO',b'Wells Fargo'
88,0.993869211,Wells Fargo,731,WELLS FARGO BANK N.A,b'730',b'WELLS FARGO',b'Wells Fargo'
88,0.993310387,Wells Fargo,732,WELLS FARGO BANK N.A.,b'730',b'WELLS FARGO',b'Wells Fargo'
88,0.994567626,Wells Fargo,733,WELLS FARGO BANK NA,b'730',b'WELLS FARGO',b'Wells Fargo'
88,0.993458484,Wells Fargo,734,"WELLS FARGO BANK, N.A",b'730',b'WELLS FARGO',b'Wells Fargo'
88,0.993043086,Wells Fargo,735,"WELLS FARGO BANK, N.A.",b'730',b'WELLS FARGO',b'Wells Fargo'
88,0.994015031,Wells Fargo,736,"WELLS FARGO BANK, NA",b'730',b'WELLS FARGO',b'Wells Fargo'
88,0.990450045,Wells Fargo,737,"WELLS FARGO BANK, NATIONAL ASSOCIATION",b'730',b'WELLS FARGO',b'Wells Fargo'
88,0.99038531,Wells Fargo,738,"WELLS FARGO CLEARING SERVICES, LLC",b'730',b'WELLS FARGO',b'Wells Fargo'
88,0.993307176,Wells Fargo,739,WELLS FARGO COMPANY,b'730',b'WELLS FARGO',b'Wells Fargo'
88,0.989561695,Wells Fargo,740,WELLS FARGO INSTITUTIONAL RETIREMENT AND TRUST,b'730',b'WELLS FARGO',b'Wells Fargo'
88,0.988866751,Wells Fargo,741,WELLS FARGO INSTITUTIONAL TRUST,b'730',b'WELLS FARGO',b'Wells Fargo'
88,0.995807088,Wells Fargo,742,WELLS FARGO N.A.,b'730',b'WELLS FARGO',b'Wells Fargo'
88,0.991357246,Wells Fargo,743,WELLS FARGO PRIME SERVICES,b'730',b'WELLS FARGO',b'Wells Fargo'
88,0.99077539,Wells Fargo,744,WELLS FARGO PRIME SERVICES LLC,b'730',b'WELLS FARGO',b'Wells Fargo'
88,0.990699339,Wells Fargo,745,"WELLS FARGO PRIME SERVICES, LLC",b'730',b'WELLS FARGO',b'Wells Fargo'
88,0.990483848,Wells Fargo,746,WELLS FARGO PRIVATE BANK,b'730',b'WELLS FARGO',b'Wells Fargo'
88,0.992046269,Wells Fargo,747,WELLS FARGO SECURITIES,b'730',b'WELLS FARGO',b'Wells Fargo'
88,0.989809807,Wells Fargo,748,WELLS FARGO SECURITIES INC.,b'730',b'WELLS FARGO',b'Wells Fargo'
88,0.990590921,Wells Fargo,749,"WELLS FARGO SECURITIES, LLC",b'730',b'WELLS FARGO',b'Wells Fargo'
88,0.994845826,Wells Fargo,750,WELLS FARGO TRUST,b'730',b'WELLS FARGO',b'Wells Fargo'
88,0.994024274,Wells Fargo,751,"WELLS FARGO, N.A.",b'730',b'WELLS FARGO',b'Wells Fargo'
88,0.991029648,Wells Fargo,752,"WELLS FARGO, N.A. CORPORATE TRUST & ESCROW SERVICES",b'730',b'WELLS FARGO',b'Wells Fargo'
88,0.991358998,Wells Fargo,753,"WELLS FARGO, N.A., CORPORATE TRUST & ESCROW SERVICES",b'730',b'WELLS FARGO',b'Wells Fargo'
89,0.997587,Barclays,55,BARCLAYS BANK PLC,b'55',b'BARCLAYS BANK PLC',b'Barclays'
89,0.997587,Barclays,61,"BARCLAYS BANK, PLC",b'55',b'BARCLAYS BANK PLC',b'Barclays'
90,,Advantage Futures,3,ADVANTAGE FUTURES LLC,,,
91,,Albert Fried & Company,4,"ALBERT FRIED & COMPANY, LLC",,,
92,,Alianza Fiduciaria,5,ALIANZA FIDUCIARIA,,,
93,,Analytica,11,ANALYTICA,,,
94,,Apex Fund Services,12,APEX FUND SERVICES (MAURITIUS) LIMITED,,,
95,,Auerbach Grayson and Company,13,AUERBACH GRAYSON & COMPANY LLC,,,
96,,Australia and New Zealand Banking Group,14,AUSTRALIA AND NEW ZEALAND BANKING GROUP LIMITED,,,
97,,BM&FBOVESPA,15,BANCO BM&FBOVESPA,,,
98,,Banco Bradesco,16,BANCO BRADESCO S.A.,,,
99,,Banco de Chile,18,BANCO DE CHILE,,,
100,,Banco Paulista,21,BANCO PAULISTA S.A.,,,
101,,Bank of Ireland,43,BANK OF IRELAND,,,
102,,Bank of Jordan,44,"BANK OF JORDAN, PLC",,,
103,,Bank of Valletta,53,BANK OF VALLETTA,,,
104,,Barclays,54,BARCLAYS BANK MAURITIUS LIMITED,,,
105,,Barclays,56,BARCLAYS BANK PLC - LONDON BRANCH,,,
106,,Barclays,58,"BARCLAYS BANK PLC, NEW YORK",,,
107,,Barclays,60,"BARCLAYS BANK PLC, NY",,,
108,,Barclays,62,BARCLAYS CAPITAL,,,
109,,Barclays,63,BARCLAYS CAPITAL INC.,,,
110,,Barclays,64,BARCLAYS CAPITAL SECURITIES LIMITED,,,
111,,Barclays,65,BARCLAYS CAPITAL SECURITIES LTD.,,,
112,,BB&T,66,BB&T,,,
113,,BB&T,67,"BB&T SECURITIES, LLC",,,
114,,BBVA Bancomer,68,BBVA BANCOMER S.A.,,,
115,,BDSec,69,BDSEC,,,
116,,BDSec,70,BDSEC JSC.,,,
117,,BMA Securities,74,"BMA SECURITIES, LLC",,,
118,,Boston Financial Data Services,115,"BOSTON FINANCIAL DATA SERVICES, INC.",,,
119,,Bourse Securities,118,BOURSE SECURITIES LIMITED,,,
120,,Brink's Global Services International,119,"BRINK'S GLOBAL SERVICES INTERNATIONAL, INC.",,,
121,,BSP Capital,126,BSP CAPITAL LIMITED,,,
122,,BTIG,128,"BTIG, LLC",,,
123,,Butterfield,131,BUTTERFIELD BANK (CAYMAN) LTD,,,
124,,Butterfield,132,BUTTERFIELD TRUST (BERMUDA) LIMITED,,,
125,,California Bank & Trust,135,CALIFORNIA BANK & TRUST,,,
126,,Canaccord Capital Corporation,136,CANACCORD GENUITY INC.,,,
127,,Canadia Bank,137,CANADIA BANK,,,
128,,Cantor Prime Services,138,CANTOR PRIME SERVICES,,,
129,,Capital Market Brokers,139,"CAPITAL MARKETS BROKERS, LTD",,,
130,,Central Depository Agency of Podgorica,144,CENTRAL DEPOSITORY AGENCY AD PODGORICA,,,
131,,Central Securities Clearing System,146,CENTRAL SECURITIES CLEARING SYSTEM PLC,,,
132,,Central Securities Depository (GH),147,CENTRAL SECURITIES DEPOSITORY LTD,,,
133,,Ceros Financial Services,148,"CEROS FINANCIAL SERVICES, INC.",,,
134,,China Merchants Securities,152,CHINA MERCHANTS SECURITIES CO. LTD.,,,
135,,CIBC Bank and Trust,153,CIBC,,,
136,,CIBC Mellon Global Securities Services,154,CIBC MELLON,,,
137,,CLSA,206,CLSA,,,
138,,Computershare,209,COMPUTERSHARE,,,
139,,Computershare,210,COMPUTERSHARE LIMITED,,,
140,,Computershare,211,COMPUTERSHARE SECURITIES CORPORATION,,,
141,,Computershare,214,"COMPUTERSHARE TRUST COMPANY, NA",,,
142,,CSL Stockbrokers,236,CSL STOCKBROKERS LIMITED,,,
143,,ED&F Man Capital Markets,278,E D & F MAN CAPITAL MARKETS INC.,,,
144,,Etrade Securities,279,E*TRADE SECURITIES LLC,,,
145,,Edelweiss Custodial Services,280,EDELWEISS CUSTODIAL SERVICES LIMITED,,,
146,,Banque Priv_e Edmond de Rothschild,281,EDMOND DE ROTHSCHILD,,,
147,,EFG-Hermes,282,EFG HERMES,,,
148,,Federated Investors,285,FEDERATED INVESTORS,,,
149,,First Clearing,294,"FIRST CLEARING, LLC",,,
150,,First Tennessee Bank,300,"FIRST TENNESSEE BANK, N.A.",,,
151,,Global Prime Partners,302,GLOBAL PRIME PARTNERS (ASIA) LIMITED,,,
152,,Golomt bank,319,GOLOMT BANK,,,
153,,HSBC,320,H.S.B.C. BANK PLC,,,
154,,HSBC,321,"H.S.B.C. BANK USA, NA",,,
155,,Hartleys,325,HARTLEYS LIMITED,,,
156,,Haywood Securities,326,HAYWOOD SECURITIES (USA) INC.,,,
157,,HDFC,327,HDFC BANK LIMITED,,,
158,,HSBC,328,HSBC BANK,,,
159,,HSBC,329,HSBC BANK (MAURITIUS) LIMITED,,,
160,,HSBC,330,HSBC BANK BERMUDA LIMITED,,,
161,,HSBC,332,HSBC BANK PLC,,,
162,,HSBC,333,"HSBC BANK U.S.A., NEW YORK",,,
163,,HSBC,334,HSBC BANK USA,,,
164,,HSBC,342,HSBC INSTITUTIONAL TRUST SERVICES (BERMUDA) LIMITED,,,
165,,HSBC,344,HSBC INSTITUTIONAL TRUST SERVICES (SINGAPORE) LIMITED,,,
166,,HSBC,345,HSBC LIMITED,,,
167,,HSBC,346,"HSBC MEXICO, S.A. INSTITUTION DE BANCA MULTIPLE GRUPO FINANCIERO",,,
168,,HSBC,347,HSBC MIDDLE EAST LTD.,,,
169,,HSBC,348,HSBC PLC,,,
170,,HSBC,349,HSBC PRIVATE BANK,,,
171,,HSBC,350,HSBC SECURITIES (USA) INC.,,,
172,,HSBC,351,HSBC SECURITIES SERVICES,,,
173,,HSBC,352,"HSBC USA, N.A.",,,
174,,IC Securities,354,IC SECURITIES,,,
175,,ICICI Bank,355,ICICI BANK LIMITED,,,
176,,Imara Edwards Securities,356,IMARA EDWARDS SECURITIES LIMITED,,,
177,,InterClear Central De Valores,370,INTERCLEAR CENTRAL DE VALORES,,,
178,,International Fund Services,371,INTERNATIONAL FUND SERVICES NA LLC,,,
179,,Investment Bank Vesta,374,"INVESTMENT BANK ""VESTA"" (LLC)",,,
180,,Jamaica Central Securities Depository,398,JAMAICA CENTRAL SECURITIES DEPOSITORY LIMITED,,,
181,,Jefferies,399,JEFFERIES & CO.,,,
182,,Jefferies,402,"JEFFERIES BACHE FINANCIAL SERVICES, INC.",,,
183,,Jefferies,403,"JEFFERIES FINANCIAL SERVICES, INC.",,,
184,,Jefferies,404,JEFFERIES GROUP INC.,,,
185,,Jefferies,405,JEFFERIES INTERNATIONAL LIMITED,,,
186,,Jefferies,406,JEFFERIES LLC,,,
187,,KCB Rwanda,442,KCB RWANDA,,,
188,,KeyBank,443,KEYBANK,,,
189,,KeyBank,444,KEYBANK NA,,,
190,,KGS-Alpha Capital Markets,445,"KGS-ALPHA CAPITAL MARKETS, L.P.",,,
191,,Korea Investment & Securities,448,"KOREA INVESTMENT & SECURITIES CO., LTD.",,,
192,,Ladenburg Thalmann Financial Services,456,LADENBURG THALMANN & CO. INC.,,,
193,,Loomis International,457,LOOMIS INTERNATIONAL (UK) LIMITED,,,
194,,M&T Bank,458,M&T BANK,,,
195,,MAC SA,459,MAC S.A.,,,
196,,Macquarie Bank,460,MACQUARIE BANK LIMITED,,,
197,,Maples Fund Services,461,MAPLES FUND SERVICES (CAYMAN) LIMITED,,,
198,,Maxim Group,462,MAXIM GROUP LLC,,,
199,,Mitsubishi UFJ Global Custody,479,MITSUBISHI UFJ GLOBAL CUSTODY SA,,,
200,,Mizuho Securities,480,MIZUHO SECURITIES USA INC.,,,
201,,Morgan Stanley Smith Barney,523,MORGAN STANLEY SMITH BARNEY LLC,,,
202,,NexBank,536,NEXBANK SSB,,,
203,,Nova Banka,565,NOVA BANK A.D.,,,
204,,Oppenheim,566,OPPENHEIMER & CO. INC.,,,
205,,PlainsCapital Bank,571,PLAINS CAPITAL BANK,,,
206,,PNC,572,PNC BANK,,,
207,,PNC,574,"PNC BANK, N.A.",,,
208,,PrinsBank,577,PRINSBANK,,,
209,,Rabee Securities,578,RABEE SECURITIES,,,
210,,Rand Financial Services,579,"RAND FINANCIAL SERVICES, INC.",,,
211,,Raymond James & Associates,580,"RAYMOND JAMES & ASSOCIATES, INC.",,,
212,,Bancpost,587,S.C. BANCPOST S.A.,,,
213,,Sahem Trading & Investments Company,588,SAHEM TRADING & INVESTMENTS,,,
214,,Sapien Capital,589,"SAPIEN CAPITAL, LIMITED",,,
215,,SBI-SG Global Securities Services,590,SBI-SG GLOBAL SECURITIES SERVICES PVT LTD,,,
216,,Scottrade,594,"SCOTTRADE, INC.",,,
217,,Seaport Group Securities,595,"SEA PORT GROUP SECURITIES, LLC",,,
218,,SG Hambros,598,SG HAMBROS TRUST COMPANY (CHANNEL ISLANDS) LIMITED,,,
219,,Shinhan Bank,600,SHINHAN BANK,,,
220,,Silicon Valley Bank,603,SILICON VALLEY BANK,,,
221,,South Street Securities,605,SOUTH STREET SECURITIES LLC,,,
222,,Stamford Bank & Trust,606,STAMFORD BANK & TRUST,,,
223,,Stanbic Bank Tanzania,607,STANBIC BANK TANZANIA,,,
224,,Stockbrokers Malawi,635,STOCKBROKERS MALAWI LIMITED,,,
225,,Svenska Handelsbanken,641,SVENSKA HANDELSBANKEN AB,,,
226,,Swissquote Bank,642,SWISSQUOTE BANK SA,,,
227,,Tadawul,643,TADAWUL,,,
228,,The PrivateBank and Trust,680,THE PRIVATEBANK AND TRUST COMPANY,,,
229,,UBS,695,UBS,,,
230,,UBS,699,"UBS AG, LONDON BRANCH",,,
231,,UBS,700,"UBS AG, SINGAPORE BRANCH",,,
232,,UBS,701,UBS BRASIL CORRETORA DE CAMBIO,,,
233,,UBS,702,UBS FINANCIAL SERVICES,,,
234,,UBS,705,UBS LIMITED,,,
235,,UBS,706,UBS SECURITIES AG,,,
236,,UBS,707,UBS SECURITIES AUSTRALIA LIMITED,,,
237,,UBS,708,UBS SECURITIES LLC,,,
238,,UBS,709,UBS SWITZERLAND AG,,,
239,,V-Bank,721,V-BANK AG,,,
240,,Victor Paullier & Cia,722,VICTOR PAULLIER & CIA.,,,
241,,Weeden Prime Services,725,"WEEDEN PRIME SERVICES, LLC.",,,
242,,Wells Fargo Advisors,729,"WELLS FARGO ADVISORS, LLC",,,
243,,"Winslow, Evans & Crocker Inc.",756,"WINSLOW, EVANS & CROCKER, INC.",,,